,author_id,count,sum,prop,Nachname,Vorname,Fraktion,Twitter-Name,region,"Name, Vorname",Vorname Nachname,handle,party,parltype,person__in_parlperiod,lcasehandle
0,4121053541,234,11,0.04700854700854701,Jongen,Marc,,,Bund,"Jongen, Marc",,Marc_Jongen,afd,Bund,[19],marc_jongen
1,3105025175,976,18,0.018442622950819672,Höchst,Nicole,,,Bund,"Höchst, Nicole",,Nicole_Hoechst,afd,Bund,[19],nicole_hoechst
2,728990858,427,7,0.01639344262295082,Schimke,Jana,,,Bund,"Schimke, Jana",,JanaSchimke,cducsu,Bund,"[18, 19]",janaschimke
3,940532615177752576,397,6,0.015113350125944584,Magnitz,Frank,,,Bund,"Magnitz, Frank",,Frank_Magnitz,afd,Bund,[19],frank_magnitz
4,805308596,2881,42,0.014578271433530025,Storch,Beatrix,,,Bund,"Storch, Beatrix",,Beatrix_vStorch,afd,Bund,[19],beatrix_vstorch
5,17363943,1623,23,0.014171287738755391,Schauws,Ulle,,,Bund,"Schauws, Ulle",,ulle_schauws,gruene,Bund,"[18, 19]",ulle_schauws
6,20840049,1519,18,0.01184990125082291,Strengmann-Kuhn,Wolfgang,,,Bund,"Strengmann-Kuhn, Wolfgang",,W_SK,gruene,Bund,"[16, 17, 18, 19]",w_sk
7,3408940048,435,5,0.011494252873563218,Nolte,Jan Ralf,,,Bund,"Nolte, Jan Ralf",,Jan_Nolte_AfD,afd,Bund,[19],jan_nolte_afd
8,569257486,610,7,0.011475409836065573,Beermann,Maik,,,Bund,"Beermann, Maik",,MaikBeermann,cducsu,Bund,"[18, 19]",maikbeermann
9,2496104640,1401,16,0.011420413990007138,Peterka,Tobias Matthias,,,Bund,"Peterka, Tobias Matthias",,TobiasMPeterka,afd,Bund,[19],tobiasmpeterka
10,21618829,272,3,0.011029411764705883,Ortleb,Josephine,,,Bund,"Ortleb, Josephine",,josephineortleb,spd,Bund,[19],josephineortleb
11,809895794,7059,75,0.010624734381640459,Frömming,Götz,,,Bund,"Frömming, Götz",,GtzFrmming,afd,Bund,[19],gtzfrmming
12,960974630709284864,390,4,0.010256410256410256,König,Jörn,,,Bund,"König, Jörn",,JoernKoenigAfD,afd,Bund,[19],joernkoenigafd
13,4130621842,603,6,0.009950248756218905,Frohnmaier,Markus,,,Bund,"Frohnmaier, Markus",,Frohnmaier_AfD,afd,Bund,[19],frohnmaier_afd
14,2618890032,1265,12,0.009486166007905139,Mrosek,Andreas,,,Bund,"Mrosek, Andreas",,mrosek1958,afd,Bund,[19],mrosek1958
15,741532130,1742,15,0.008610792192881744,Post,Florian,,,Bund,"Post, Florian",,FlorianPost,spd,Bund,"[18, 19]",florianpost
16,146376562,720,6,0.008333333333333333,Koeppen,Jens,,,Bund,"Koeppen, Jens",,JensKoeppen,cducsu,Bund,"[16, 17, 18, 19]",jenskoeppen
17,403735368,1453,12,0.008258774948382657,Hahn,Florian,,,Bund,"Hahn, Florian",,hahnflo,cducsu,Bund,"[17, 18, 19]",hahnflo
18,719975730784956416,1467,12,0.0081799591002045,Schneider,Jörg,,,Bund,"Schneider, Jörg",,Schneider_AfD,afd,Bund,[19],schneider_afd
19,4819478705,1479,12,0.008113590263691683,Achelwilm,Doris,,,Bund,"Achelwilm, Doris",,DorisAchelwilm,linke,Bund,[19],dorisachelwilm
20,17561226,1374,11,0.008005822416302766,Herbst,Torsten,,,Bund,"Herbst, Torsten",,torstenherbst,fdp,Bund,[19],torstenherbst
21,1490376331,2632,19,0.007218844984802432,Pasemann,Frank,,,Bund,"Pasemann, Frank",,Frank_Pasemann,afd,Bund,[19],frank_pasemann
22,917756296555892736,4592,33,0.007186411149825784,Braun,Jürgen,,,Bund,"Braun, Jürgen",,JuergenBraunAfD,afd,Bund,[19],juergenbraunafd
23,193629792,843,6,0.0071174377224199285,Kofler,Bärbel,,,Bund,"Kofler, Bärbel",,BaerbelKofler,spd,Bund,"[15, 16, 17, 18, 19]",baerbelkofler
24,3242322815,286,2,0.006993006993006993,Ehrhorn,Thomas,,,Bund,"Ehrhorn, Thomas",,Thomas_Ehrhorn,afd,Bund,[19],thomas_ehrhorn
25,810537151729373184,2678,18,0.006721433905899925,Spaniel,Dirk,,,Bund,"Spaniel, Dirk",,DirkSpaniel,afd,Bund,[19],dirkspaniel
26,4875914470,161,1,0.006211180124223602,Lucassen,Rüdiger,,,Bund,"Lucassen, Rüdiger",,MdB_Lucassen,afd,Bund,[19],mdb_lucassen
27,925703909825548288,650,4,0.006153846153846154,Freihold,Brigitte,,,Bund,"Freihold, Brigitte",,MdB_Freihold,linke,Bund,[19],mdb_freihold
28,910878654535749632,1801,11,0.006107717934480844,Bleck,Andreas,,,Bund,"Bleck, Andreas",,andreasbleckmdb,afd,Bund,[19],andreasbleckmdb
29,2545743991,4212,25,0.005935422602089269,Reichardt,Martin,,,Bund,"Reichardt, Martin",,M_Reichardt_AfD,afd,Bund,[19],m_reichardt_afd
30,110368456,4287,25,0.005831583858175881,Gehring,Kai,,,Bund,"Gehring, Kai",,KaiGehring,gruene,Bund,"[16, 17, 18, 19]",kaigehring
31,17960911,580,3,0.005172413793103448,Müller,Stefan,,,Bund,"Müller, Stefan",,smuellermdb,cducsu,Bund,"[15, 16, 17, 18, 19]",smuellermdb
32,881480498043916288,392,2,0.00510204081632653,Büttner,Matthias,,,Bund,"Büttner, Matthias",,Buettner_MdB,afd,Bund,[19],buettner_mdb
33,781747720897892352,199,1,0.005025125628140704,Komning,Enrico,,,Bund,"Komning, Enrico",,EnricoKomning,afd,Bund,[19],enricokomning
34,916324637046435840,1477,7,0.004739336492890996,Friesen,Anton,,,Bund,"Friesen, Anton",,DrFriesenMdB,afd,Bund,[19],drfriesenmdb
35,862747349277450240,215,1,0.004651162790697674,Abercron,Michael,,,Bund,"Abercron, Michael",,mvabercron,cducsu,Bund,[19],mvabercron
36,2596171296,1974,9,0.004559270516717325,Möhring,Cornelia,,,Bund,"Möhring, Cornelia",,Conni_Moehring,linke,Bund,"[17, 18, 19]",conni_moehring
37,4097559143,2291,10,0.004364906154517678,Barley,Katarina,,,Bund,"Barley, Katarina",,katarinabarley,spd,Bund,"[18, 19]",katarinabarley
38,1158585210,10790,46,0.004263206672845227,Hauer,Matthias,,,Bund,"Hauer, Matthias",,MatthiasHauer,cducsu,Bund,"[18, 19]",matthiashauer
39,37642893,1414,6,0.004243281471004243,Hirte,Christian,,,Bund,"Hirte, Christian",,ChristianHirte,cducsu,Bund,"[16, 17, 18, 19]",christianhirte
40,569832889,490,2,0.004081632653061225,Gabriel,Sigmar,,,Bund,"Gabriel, Sigmar",,sigmargabriel,spd,Bund,"[16, 17, 18, 19]",sigmargabriel
41,1475734592,2509,10,0.0039856516540454365,Verlinden,Julia,,,Bund,"Verlinden, Julia",,julia_verlinden,gruene,Bund,"[18, 19]",julia_verlinden
42,41548943,507,2,0.0039447731755424065,Andreae,Kerstin,,,Bund,"Andreae, Kerstin",,KerstinAndreae,gruene,Bund,"[15, 16, 17, 18, 19]",kerstinandreae
43,176104376,1294,5,0.0038639876352395673,Barrientos,Simone,,,Bund,"Barrientos, Simone",,SBarrientosK,linke,Bund,[19],sbarrientosk
44,2527808433,1382,5,0.00361794500723589,Nastic,Zaklin,,,Bund,"Nastic, Zaklin",,ZaklinNastic,linke,Bund,[19],zaklinnastic
45,2546790747,3041,11,0.0036172311739559354,Kamann,Uwe,,,Bund,"Kamann, Uwe",,uwe_kamann,afd,Bund,[19],uwe_kamann
46,2758602415,280,1,0.0035714285714285713,Schweiger,Torsten,,,Bund,"Schweiger, Torsten",,cdu_schweiger,cducsu,Bund,[19],cdu_schweiger
47,1114675538,7385,26,0.0035206499661475966,Roth,Michael,,,Bund,"Roth, Michael",,MiRo_SPD,spd,Bund,"[14, 15, 16, 17, 18, 19]",miro_spd
48,866425075,1995,7,0.0035087719298245615,Gohlke,Nicole,,,Bund,"Gohlke, Nicole",,NicoleGohlke,linke,Bund,"[17, 18, 19]",nicolegohlke
49,1082464339,291,1,0.003436426116838488,Pantel,Sylvia,,,Bund,"Pantel, Sylvia",,SylviaPantel,cducsu,Bund,"[18, 19]",sylviapantel
50,930725836482928640,596,2,0.003355704697986577,Schmidt,Stefan,,,Bund,"Schmidt, Stefan",,Schmidt_MdB,gruene,Bund,[19],schmidt_mdb
51,833398209053605888,1790,6,0.0033519553072625698,Weidel,Alice,,,Bund,"Weidel, Alice",,Alice_Weidel,afd,Bund,[19],alice_weidel
52,23248102,2102,7,0.003330161750713606,Kiziltepe,Cansel,,,Bund,"Kiziltepe, Cansel",,CanselK,spd,Bund,"[18, 19]",canselk
53,454981027,625,2,0.0032,Lindh,Helge,,,Bund,"Lindh, Helge",,helgelindh,spd,Bund,[19],helgelindh
54,738731811380076544,316,1,0.0031645569620253164,Juratovic,Josip,,,Bund,"Juratovic, Josip",,josip_juratovic,spd,Bund,"[16, 17, 18, 19]",josip_juratovic
55,3635730797,2250,7,0.003111111111111111,Lenz,Andreas,,,Bund,"Lenz, Andreas",,DerLenzMdB,cducsu,Bund,"[18, 19]",derlenzmdb
56,805823950253150208,1332,4,0.003003003003003003,Bernhard,Marc,,,Bund,"Bernhard, Marc",,MarcBernhardAfD,afd,Bund,[19],marcbernhardafd
57,133770069,341,1,0.002932551319648094,Weisgerber,Anja,,,Bund,"Weisgerber, Anja",,anjaweisgerber,cducsu,Bund,"[18, 19]",anjaweisgerber
58,916639458409242624,1732,5,0.002886836027713626,Maier,Jens,,,Bund,"Maier, Jens",,JensMaierAfD,afd,Bund,[19],jensmaierafd
59,713361366858481664,14979,42,0.0028039254956939716,Brandner,Stephan,,,Bund,"Brandner, Stephan",,StBrandner,afd,Bund,[19],stbrandner
60,2357675876,358,1,0.002793296089385475,Holtz,Ottmar,,,Bund,"Holtz, Ottmar",,OWvonHoltz,gruene,Bund,[19],owvonholtz
61,804064797977444352,753,2,0.0026560424966799467,Kraft,Rainer,,,Bund,"Kraft, Rainer",,Dr_Rainer_Kraft,afd,Bund,[19],dr_rainer_kraft
62,1530171613,1511,4,0.0026472534745201853,Jensen,Gyde,,,Bund,"Jensen, Gyde",,GydeJ,fdp,Bund,[19],gydej
63,866924100,1516,4,0.002638522427440633,Schielke-Ziesing,Ulrike,,,Bund,"Schielke-Ziesing, Ulrike",,ulschzi,afd,Bund,[19],ulschzi
64,47049428,398,1,0.002512562814070352,Walter-Rosenheimer,Beate,,,Bund,"Walter-Rosenheimer, Beate",,BeateWaRo,gruene,Bund,"[17, 18, 19]",beatewaro
65,136266976,10685,26,0.0024333177351427236,Beutin,Lorenz Gösta,,,Bund,"Beutin, Lorenz Gösta",,lgbeutin,linke,Bund,[19],lgbeutin
66,1296544153,4594,11,0.00239442751414889,Sattelberger,Thomas,,,Bund,"Sattelberger, Thomas",,th_sattelberger,fdp,Bund,[19],th_sattelberger
67,3384789731,430,1,0.002325581395348837,Felser,Peter,,,Bund,"Felser, Peter",,PeterFelser,afd,Bund,[19],peterfelser
68,467381196,2183,5,0.0022904260192395786,Leikert,Katja,,,Bund,"Leikert, Katja",,KLeikert,cducsu,Bund,"[18, 19]",kleikert
69,16557497,11797,27,0.0022887174705433586,Domscheit-Berg,Anke,,,Bund,"Domscheit-Berg, Anke",,anked,linke,Bund,[19],anked
70,17343047,5369,12,0.0022350530825107095,Kindler,Sven-Christian,,,Bund,"Kindler, Sven-Christian",,sven_kindler,gruene,Bund,"[17, 18, 19]",sven_kindler
71,748453543632330752,1358,3,0.0022091310751104565,Breymaier,Leni,,,Bund,"Breymaier, Leni",,LeniBreymaier,spd,Bund,[19],lenibreymaier
72,849060114388705280,4083,9,0.002204261572373255,Hemmelgarn,Udo Theodor,,,Bund,"Hemmelgarn, Udo Theodor",,UdoHemmelgarn,afd,Bund,[19],udohemmelgarn
73,797137333820784640,928,2,0.0021551724137931034,Chrupalla,Tino,,,Bund,"Chrupalla, Tino",,Tino_Chrupalla,afd,Bund,[19],tino_chrupalla
74,445375409,474,1,0.002109704641350211,Beyer,Peter,,,Bund,"Beyer, Peter",,Peter_Beyer,cducsu,Bund,"[17, 18, 19]",peter_beyer
75,944181149424898048,955,2,0.0020942408376963353,Jacobi,Fabian,,,Bund,"Jacobi, Fabian",,Jacobi_AfD,afd,Bund,[19],jacobi_afd
76,828943222432997376,966,2,0.002070393374741201,Schinnenburg,Wieland,,,Bund,"Schinnenburg, Wieland",,WSchinnenburg,fdp,Bund,[19],wschinnenburg
77,17752770,3912,8,0.002044989775051125,Notz,Konstantin,,,Bund,"Notz, Konstantin",,KonstantinNotz,gruene,Bund,"[17, 18, 19]",konstantinnotz
78,19177808,491,1,0.002036659877800407,Schulz,Uwe,,,Bund,"Schulz, Uwe",,Uwe_Schulz_AfD,afd,Bund,[19],uwe_schulz_afd
79,800457587510476800,2012,4,0.0019880715705765406,Akbulut,Gökay,,,Bund,"Akbulut, Gökay",,AkbulutGokay,linke,Bund,[19],akbulutgokay
80,149299258,3532,7,0.0019818799546998866,Lambsdorff,Alexander,,,Bund,"Lambsdorff, Alexander",,Lambsdorff,fdp,Bund,[19],lambsdorff
81,569166756,3039,6,0.0019743336623889436,Paus,Lisa,,,Bund,"Paus, Lisa",,lisapaus,gruene,Bund,"[17, 18, 19]",lisapaus
82,368334555,535,1,0.001869158878504673,Schnieder,Patrick,,,Bund,"Schnieder, Patrick",,PSchnieder,cducsu,Bund,"[17, 18, 19]",pschnieder
83,935456332655874048,1617,3,0.0018552875695732839,Ullrich,Gerald,,,Bund,"Ullrich, Gerald",,G_UllrichFDP,fdp,Bund,[19],g_ullrichfdp
84,3930477322,541,1,0.0018484288354898336,Korkmaz,Elvan,,,Bund,"Korkmaz, Elvan",,KorkmazGT,spd,Bund,[19],korkmazgt
85,18880634,1654,3,0.0018137847642079807,Suding,Katja,,,Bund,"Suding, Katja",,KatjaSuding,fdp,Bund,[19],katjasuding
86,587862375,3323,6,0.0018055973517905506,Bayram,Canan,,,Bund,"Bayram, Canan",,LieblingXhain,gruene,Bund,[19],lieblingxhain
87,21197524,1136,2,0.0017605633802816902,Lindner,Tobias,,,Bund,"Lindner, Tobias",,tobiaslindner,gruene,Bund,"[17, 18, 19]",tobiaslindner
88,42401449,2877,5,0.001737921445950643,Annen,Niels,,,Bund,"Annen, Niels",,NielsAnnen,spd,Bund,"[16, 18, 19]",nielsannen
89,739531034761498624,593,1,0.0016863406408094434,Holm,Leif-Erik,,,Bund,"Holm, Leif-Erik",,Leif_Erik_Holm,afd,Bund,[19],leif_erik_holm
90,1617177360,1204,2,0.0016611295681063123,Christmann,Anna,,,Bund,"Christmann, Anna",,annachristmann,gruene,Bund,[19],annachristmann
91,23925041,615,1,0.0016260162601626016,Bilger,Steffen,,,Bund,"Bilger, Steffen",,SteffenBilger,cducsu,Bund,"[17, 18, 19]",steffenbilger
92,937403112,2480,4,0.0016129032258064516,Müller,Claudia,,,Bund,"Müller, Claudia",,GruenClaudia,gruene,Bund,[19],gruenclaudia
93,810957560723505152,4347,7,0.001610305958132045,Bystron,Petr,,,Bund,"Bystron, Petr",,PetrBystronAfD,afd,Bund,[19],petrbystronafd
94,81394072,650,1,0.0015384615384615385,Bull-Bischoff,Birke,,,Bund,"Bull-Bischoff, Birke",,Birke_Bull,linke,Bund,[19],birke_bull
95,1286011081,651,1,0.0015360983102918587,Gottschalk,Kay,,,Bund,"Gottschalk, Kay",,KayGottschalk1,afd,Bund,[19],kaygottschalk1
96,21404382,2608,4,0.0015337423312883436,Lay,Caren,,,Bund,"Lay, Caren",,CarenLay,linke,Bund,"[17, 18, 19]",carenlay
97,849012308,2622,4,0.0015255530129672007,Riexinger,Bernd,,,Bund,"Riexinger, Bernd",,b_riexinger,linke,Bund,[19],b_riexinger
98,882929865535705088,660,1,0.0015151515151515152,Brunner,Karl-Heinz,,,Bund,"Brunner, Karl-Heinz",,BrunnerGanzOhr,spd,Bund,"[18, 19]",brunnerganzohr
99,976107205849206784,671,1,0.0014903129657228018,Aggelidis,Grigorios,,,Bund,"Aggelidis, Grigorios",,aggelidis_fdp,fdp,Bund,[19],aggelidis_fdp
100,841412635270762496,2027,3,0.0014800197335964479,Weyel,Harald,,,Bund,"Weyel, Harald",,h_weyel,afd,Bund,[19],h_weyel
101,172269309,1353,2,0.0014781966001478197,Brugger,Agnieszka,,,Bund,"Brugger, Agnieszka",,agnieszka_mdb,gruene,Bund,"[17, 18, 19]",agnieszka_mdb
102,42698498,2776,4,0.001440922190201729,Kiesewetter,Roderich,,,Bund,"Kiesewetter, Roderich",,RKiesewetter,cducsu,Bund,"[17, 18, 19]",rkiesewetter
103,224630872,699,1,0.001430615164520744,Werner,Katrin,,,Bund,"Werner, Katrin",,Katrin_Werner,linke,Bund,"[17, 18, 19]",katrin_werner
104,22125770,2104,3,0.0014258555133079848,Deligöz,Ekin,,,Bund,"Deligöz, Ekin",,ekindeligoez,gruene,Bund,"[14, 15, 16, 17, 18, 19]",ekindeligoez
105,475275997,4933,7,0.0014190147982971822,Kuhle,Konstantin,,,Bund,"Kuhle, Konstantin",,KonstantinKuhle,fdp,Bund,[19],konstantinkuhle
106,51752254,2200,3,0.0013636363636363637,Kaufmann,Stefan,,,Bund,"Kaufmann, Stefan",,StefanKaufmann,cducsu,Bund,"[17, 18, 19]",stefankaufmann
107,857906951707127808,1561,2,0.0012812299807815502,Brandenburg,Jens,,,Bund,"Brandenburg, Jens",,JBrandenburgFDP,fdp,Bund,[19],jbrandenburgfdp
108,4110374301,789,1,0.0012674271229404308,Schick,Gerhard,,,Bund,"Schick, Gerhard",,SchickGerhard,gruene,Bund,"[16, 17, 18, 19]",schickgerhard
109,867351565757239296,792,1,0.0012626262626262627,Grötsch,Uli,,,Bund,"Grötsch, Uli",,UliGroetsch,spd,Bund,"[18, 19]",uligroetsch
110,16674128,3232,4,0.0012376237623762376,Nouripour,Omid,,,Bund,"Nouripour, Omid",,nouripour,gruene,Bund,"[16, 17, 18, 19]",nouripour
111,808400627084705792,4065,5,0.0012300123001230013,Bayaz,Danyal,,,Bund,"Bayaz, Danyal",,DerDanyal,gruene,Bund,[19],derdanyal
112,143882918,2441,3,0.0012290045063498567,Sommer,Helin Evrim,,,Bund,"Sommer, Helin Evrim",,HESommer,linke,Bund,[19],hesommer
113,1065899292,6563,8,0.0012189547463050433,Liebich,Stefan,,,Bund,"Liebich, Stefan",,berlinliebich,linke,Bund,"[17, 18, 19]",berlinliebich
114,22260144,1655,2,0.0012084592145015106,Tauber,Peter,,,Bund,"Tauber, Peter",,petertauber,cducsu,Bund,"[17, 18, 19]",petertauber
115,2430137675,1672,2,0.0011961722488038277,Wendt,Marian,,,Bund,"Wendt, Marian",,MdbWendt,cducsu,Bund,"[18, 19]",mdbwendt
116,21287514,3380,4,0.001183431952662722,Vogler,Kathrin,,,Bund,"Vogler, Kathrin",,voglerk,linke,Bund,"[17, 18, 19]",voglerk
117,17870195,4234,5,0.0011809163911195087,Schulz-Asche,Kordula,,,Bund,"Schulz-Asche, Kordula",,K_SA,gruene,Bund,"[18, 19]",k_sa
118,53426644,878,1,0.0011389521640091116,Müller-Gemmeke,Beate,,,Bund,"Müller-Gemmeke, Beate",,GrueneBeate,gruene,Bund,"[17, 18, 19]",gruenebeate
119,111054843,12332,14,0.0011352578657152124,Movassat,Niema,,,Bund,"Movassat, Niema",,NiemaMovassat,linke,Bund,"[17, 18, 19]",niemamovassat
120,39938182,1779,2,0.0011242270938729624,Schipanski,Tankred,,,Bund,"Schipanski, Tankred",,TSchipanski,cducsu,Bund,"[17, 18, 19]",tschipanski
121,28066013,3591,4,0.001113895850737956,Kipping,Katja,,,Bund,"Kipping, Katja",,katjakipping,linke,Bund,"[16, 17, 18, 19]",katjakipping
122,22908417,2712,3,0.0011061946902654867,Luczak,Jan-Marco,,,Bund,"Luczak, Jan-Marco",,JM_Luczak,cducsu,Bund,"[19, 17, 18]",jm_luczak
123,426403057,910,1,0.001098901098901099,Buchholz,Christine,,,Bund,"Buchholz, Christine",,ch_buchholz,linke,Bund,"[17, 18, 19]",ch_buchholz
124,21144568,8275,9,0.0010876132930513595,Luksic,Oliver,,,Bund,"Luksic, Oliver",,OlliLuksic,fdp,Bund,"[17, 19]",olliluksic
125,47375691,932,1,0.001072961373390558,Wagenknecht,Sahra,,,Bund,"Wagenknecht, Sahra",,SWagenknecht,linke,Bund,"[17, 18, 19]",swagenknecht
126,36327895,1884,2,0.0010615711252653928,Rix,Sönke,,,Bund,"Rix, Sönke",,SoenkeRix,spd,Bund,"[16, 17, 18, 19]",soenkerix
127,3236928208,966,1,0.0010351966873706005,Steier,Andreas,,,Bund,"Steier, Andreas",,AndreasSteier,cducsu,Bund,[19],andreassteier
128,30050484,2926,3,0.0010252904989747095,Schwabe,Frank,,,Bund,"Schwabe, Frank",,FrankSchwabe,spd,Bund,"[16, 17, 18, 19]",frankschwabe
129,53351462,2936,3,0.0010217983651226157,Rößner,Tabea,,,Bund,"Rößner, Tabea",,TabeaRoessner,gruene,Bund,"[17, 18, 19]",tabearoessner
130,828623998921629696,4930,5,0.0010141987829614604,Beer,Nicola,,,Bund,"Beer, Nicola",,nicolabeerfdp,fdp,Bund,[19],nicolabeerfdp
131,19438957,1986,2,0.0010070493454179255,Bas,Bärbel,,,Bund,"Bas, Bärbel",,baerbelbas,spd,Bund,"[17, 18, 19]",baerbelbas
132,4265444913,1031,1,0.0009699321047526673,Müller,Norbert,,,Bund,"Müller, Norbert",,Norbert_MdB,linke,Bund,"[18, 19]",norbert_mdb
133,1425265488,13424,13,0.0009684147794994041,Künast,Renate,,,Bund,"Künast, Renate",,RenateKuenast,gruene,Bund,"[15, 16, 17, 18, 19]",renatekuenast
134,1143130812,1044,1,0.0009578544061302681,Kühn,Christian,,,Bund,"Kühn, Christian",,ChrisKuehn_mdb,gruene,Bund,"[18, 19]",chriskuehn_mdb
135,932931561015730176,15706,15,0.0009550490258499936,Mieruch,Mario,,,Bund,"Mieruch, Mario",,MieruchMario,afd,Bund,[19],mieruchmario
136,913358838736310272,1064,1,0.0009398496240601503,Seitz,Thomas,,,Bund,"Seitz, Thomas",,Th_Seitz_AfD,afd,Bund,[19],th_seitz_afd
137,50932086,1083,1,0.0009233610341643582,Schwarzelühr-Sutter,Rita,,,Bund,"Schwarzelühr-Sutter, Rita",,rischwasu,spd,Bund,"[16, 17, 18, 19]",rischwasu
138,15686106,1131,1,0.0008841732979664014,Höhn,Matthias,,,Bund,"Höhn, Matthias",,MatthiasHoehn,linke,Bund,[19],matthiashoehn
139,17535941,1178,1,0.0008488964346349745,Dürr,Christian,,,Bund,"Dürr, Christian",,christianduerr,fdp,Bund,[19],christianduerr
140,940585440746328064,1185,1,0.0008438818565400844,Schreiber,Eva-Maria,,,Bund,"Schreiber, Eva-Maria",,MdB_Schreiber,linke,Bund,[19],mdb_schreiber
141,38228691,2416,2,0.0008278145695364238,Stark-Watzinger,Bettina,,,Bund,"Stark-Watzinger, Bettina",,starkwatzinger,fdp,Bund,[19],starkwatzinger
142,28327765,1216,1,0.0008223684210526315,Kluckert,Daniela,,,Bund,"Kluckert, Daniela",,DanielaKluckert,fdp,Bund,[19],danielakluckert
143,19738866,2526,2,0.000791765637371338,Dörner,Katja,,,Bund,"Dörner, Katja",,katjadoerner,gruene,Bund,"[17, 18, 19]",katjadoerner
144,17462171,1295,1,0.0007722007722007722,Toncar,Florian,,,Bund,"Toncar, Florian",,florian_toncar,fdp,Bund,"[16, 17, 19]",florian_toncar
145,32323724,2723,2,0.0007344840249724568,Brantner,Franziska,,,Bund,"Brantner, Franziska",,fbrantner,gruene,Bund,"[18, 19]",fbrantner
146,328939758,1375,1,0.0007272727272727272,Lange,Christian,,,Bund,"Lange, Christian",,LangeMdB,spd,Bund,"[14, 15, 16, 17, 18, 19]",langemdb
147,1131092102,4178,3,0.0007180469123982767,Haßelmann,Britta,,,Bund,"Haßelmann, Britta",,BriHasselmann,gruene,Bund,"[16, 17, 18, 19]",brihasselmann
148,46498076,1399,1,0.0007147962830593281,Stein,Mathias,,,Bund,"Stein, Mathias",,stonie_kiel,spd,Bund,[19],stonie_kiel
149,277006619,8481,6,0.0007074637424831977,Steineke,Sebastian,,,Bund,"Steineke, Sebastian",,SteinekeCDU,cducsu,Bund,"[18, 19]",steinekecdu
150,115614153,1414,1,0.0007072135785007072,Mattheis,Hilde,,,Bund,"Mattheis, Hilde",,HildeMattheis,spd,Bund,"[15, 16, 17, 18, 19]",hildemattheis
151,110385973,1421,1,0.0007037297677691766,Sorge,Tino,,,Bund,"Sorge, Tino",,TinoSorge,cducsu,Bund,"[18, 19]",tinosorge
152,282195399,1450,1,0.000689655172413793,Badum,Lisa,,,Bund,"Badum, Lisa",,badulrichmartha,gruene,Bund,[19],badulrichmartha
153,4164673821,1471,1,0.0006798096532970768,Korte,Jan,,,Bund,"Korte, Jan",,jankortemdb,linke,Bund,"[16, 17, 18, 19]",jankortemdb
154,15722010,1494,1,0.0006693440428380187,Dröge,Katharina,,,Bund,"Dröge, Katharina",,katdro,gruene,Bund,"[18, 19]",katdro
155,49450039,1532,1,0.0006527415143603133,Nick,Andreas,,,Bund,"Nick, Andreas",,DrAndreasNick,cducsu,Bund,"[18, 19]",drandreasnick
156,39999872,1578,1,0.0006337135614702154,Wegner,Kai,,,Bund,"Wegner, Kai",,kaiwegner,cducsu,Bund,"[16, 17, 18, 19]",kaiwegner
157,494809842,3185,2,0.0006279434850863422,Gremmels,Timon,,,Bund,"Gremmels, Timon",,Timon_Gremmels,spd,Bund,[19],timon_gremmels
158,943082490482262016,1648,1,0.0006067961165048543,Stumpp,Margit,,,Bund,"Stumpp, Margit",,margit_stumpp,gruene,Bund,[19],margit_stumpp
159,60630139,1695,1,0.0005899705014749262,Lazar,Monika,,,Bund,"Lazar, Monika",,monikalazar,gruene,Bund,"[15, 16, 17, 18, 19]",monikalazar
160,626287930,3467,2,0.0005768676088837611,Göring-Eckardt,Katrin,,,Bund,"Göring-Eckardt, Katrin",,GoeringEckardt,gruene,Bund,"[14, 15, 16, 17, 18, 19]",goeringeckardt
161,2320519958,3534,2,0.0005659309564233164,Bartsch,Dietmar,,,Bund,"Bartsch, Dietmar",,DietmarBartsch,linke,Bund,"[14, 16, 17, 18, 19]",dietmarbartsch
162,1294725486,3741,2,0.0005346164127238706,Tackmann,Kirsten,,,Bund,"Tackmann, Kirsten",,KirstenTackmann,linke,Bund,"[16, 17, 18, 19]",kirstentackmann
163,52119203,5713,3,0.0005251181515841065,Bülow,Marco,,,Bund,"Bülow, Marco",,marcobuelow,spd,Bund,"[15, 16, 17, 18, 19]",marcobuelow
164,16706236,3844,2,0.0005202913631633715,Lehmann,Sven,,,Bund,"Lehmann, Sven",,svenlehmann,gruene,Bund,[19],svenlehmann
165,1543429536,2104,1,0.0004752851711026616,Brandt,Michel,,,Bund,"Brandt, Michel",,michel_brandt_,linke,Bund,[19],michel_brandt_
166,801803127762669568,2143,1,0.0004666355576294914,Müller,Sepp,,,Bund,"Müller, Sepp",,mueller_sepp,cducsu,Bund,[19],mueller_sepp
167,122104353,4717,2,0.00042399830400678397,Lindner,Christian,,,Bund,"Lindner, Christian",,c_lindner,fdp,Bund,"[17, 19]",c_lindner
168,14784765,14187,6,0.00042292239374074856,De Masi,Fabio,,,Bund,"De Masi, Fabio",,FabioDeMasi,linke,Bund,[19],fabiodemasi
169,1423622834,19053,8,0.00041988138350915866,Esken,Saskia,,,Bund,"Esken, Saskia",,EskenSaskia,spd,Bund,"[18, 19]",eskensaskia
170,2805274855,7283,3,0.00041191816559110257,Felgentreu,Fritz,,,Bund,"Felgentreu, Fritz",,fritzfelgentreu,spd,Bund,"[18, 19]",fritzfelgentreu
171,74837812,2436,1,0.00041050903119868636,Pellmann,Sören,,,Bund,"Pellmann, Sören",,LINKEPELLI,linke,Bund,[19],linkepelli
172,18103366,4963,2,0.00040298206729800525,Klein-Schmeink,Maria,,,Bund,"Klein-Schmeink, Maria",,MariaKlSchmeink,gruene,Bund,"[17, 18, 19]",mariaklschmeink
173,194535434,2495,1,0.0004008016032064128,Polat,Filiz,,,Bund,"Polat, Filiz",,filizgreen,gruene,Bund,[19],filizgreen
174,422569574,5289,2,0.0003781433163168841,Föst,Daniel,,,Bund,"Föst, Daniel",,DFoest,fdp,Bund,[19],dfoest
175,83342791,2798,1,0.00035739814152966406,Özoğuz,Aydan,,,Bund,"Özoğuz, Aydan",,oezoguz,spd,Bund,"[17, 18, 19]",oezoguz
176,858362895075340288,5698,2,0.000351000351000351,Weeser,Sandra,,,Bund,"Weeser, Sandra",,sandra_weeser,fdp,Bund,[19],sandra_weeser
177,52024480,8783,3,0.0003415689399977229,Janecek,Dieter,,,Bund,"Janecek, Dieter",,DJanecek,gruene,Bund,"[18, 19]",djanecek
178,19108766,2967,1,0.0003370407819346141,Özdemir,Cem,,,Bund,"Özdemir, Cem",,cem_oezdemir,gruene,Bund,"[13, 14, 18, 19]",cem_oezdemir
179,485751594,3040,1,0.0003289473684210526,Trittin,Jürgen,,,Bund,"Trittin, Jürgen",,JTrittin,gruene,Bund,"[14, 15, 16, 17, 18, 19]",jtrittin
180,20877217,6185,2,0.00032336297493936947,Kelber,Ulrich,,,Bund,"Kelber, Ulrich",,UlrichKelber,spd,Bund,"[14, 15, 16, 17, 18, 19]",ulrichkelber
181,68920005,3823,1,0.0002615746795710175,Renner,Martina,,,Bund,"Renner, Martina",,MartinaRenner,linke,Bund,"[18, 19]",martinarenner
182,861992050358616064,4105,1,0.000243605359317905,Meyer,Christoph,,,Bund,"Meyer, Christoph",,Meyer_FDP,fdp,Bund,[19],meyer_fdp
183,382044198,4160,1,0.0002403846153846154,Nissen,Ulli,,,Bund,"Nissen, Ulli",,UlliNissen,spd,Bund,"[18, 19]",ullinissen
184,984735466783232000,4238,1,0.00023596035865974517,Rottmann,Manuela,,,Bund,"Rottmann, Manuela",,ManuelaRottman,gruene,Bund,[19],manuelarottman
185,16361044,5172,1,0.00019334880123743234,Wanderwitz,Marco,,,Bund,"Wanderwitz, Marco",,wanderwitz,cducsu,Bund,"[15, 16, 17, 18, 19]",wanderwitz
186,18044683,5717,1,0.00017491691446562882,Fricke,Otto,,,Bund,"Fricke, Otto",,Otto_Fricke,fdp,Bund,"[15, 16, 17, 19]",otto_fricke
187,106136813,14643,2,0.00013658403332650413,Buschmann,Marco,,,Bund,"Buschmann, Marco",,MarcoBuschmann,fdp,Bund,"[17, 19]",marcobuschmann
188,15630931,7956,1,0.00012569130216189038,Vogel,Johannes,,,Bund,"Vogel, Johannes",,johannesvogel,fdp,Bund,"[17, 19]",johannesvogel
189,708224250885349376,126,0,0.0,Friedrich,Hans-Peter,,,Bund,"Friedrich, Hans-Peter",,HPFriedrichCSU,cducsu,Bund,"[14, 15, 16, 17, 18, 19]",hpfriedrichcsu
190,28446356,1021,0,0.0,Ullrich,Volker,,,Bund,"Ullrich, Volker",,VolkerUllrich,cducsu,Bund,"[18, 19]",volkerullrich
191,740178046649565184,5338,0,0.0,Jung,Christian,,,Bund,"Jung, Christian",,c_jung77,fdp,Bund,[19],c_jung77
192,28087038,392,0,0.0,Sitta,Frank,,,Bund,"Sitta, Frank",,franksitta,fdp,Bund,[19],franksitta
193,28089973,21,0,0.0,Oster,Josef,,,Bund,"Oster, Josef",,josefoster,cducsu,Bund,[19],josefoster
194,35846585,754,0,0.0,Högl,Eva,,,Bund,"Högl, Eva",,EvaHoegl,spd,Bund,"[16, 17, 18, 19]",evahoegl
195,724565991104110592,10,0,0.0,Bahr,Ulrike,,,Bund,"Bahr, Ulrike",,MdB_Ulrike_Bahr,spd,Bund,"[18, 19]",mdb_ulrike_bahr
196,35687457,45359,0,0.0,Kahrs,Johannes,,,Bund,"Kahrs, Johannes",,kahrs,spd,Bund,"[14, 15, 16, 17, 18, 19]",kahrs
197,34214048,1067,0,0.0,Meister,Michael,,,Bund,"Meister, Michael",,meister_schafft,cducsu,Bund,"[13, 14, 15, 16, 17, 18, 19]",meister_schafft
198,4249342037,116,0,0.0,Kuffer,Michael,,,Bund,"Kuffer, Michael",,MichaelKuffer,cducsu,Bund,[19],michaelkuffer
199,33071479,2852,0,0.0,Rüddel,Erwin,,,Bund,"Rüddel, Erwin",,Erwin_Rueddel,cducsu,Bund,"[17, 18, 19]",erwin_rueddel
200,28784085,1465,0,0.0,Rosemann,Martin,,,Bund,"Rosemann, Martin",,MartinRosemann,spd,Bund,"[18, 19]",martinrosemann
201,29540300,1037,0,0.0,Strasser,Benjamin,,,Bund,"Strasser, Benjamin",,bstrasser,fdp,Bund,[19],bstrasser
202,4429947807,492,0,0.0,Elsner von Gronow,Berengar,,,Bund,"Elsner von Gronow, Berengar",,ElsnervonGronow,afd,Bund,[19],elsnervongronow
203,4503658823,534,0,0.0,Witt,Uwe,,,Bund,"Witt, Uwe",,Witt_Uwe,afd,Bund,[19],witt_uwe
204,998867063274921984,191,0,0.0,Dassler,Britta Katharina,,,Bund,"Dassler, Britta Katharina",,BrittaDassler,fdp,Bund,[19],brittadassler
205,4557858142,563,0,0.0,Zdebel,Hubertus,,,Bund,"Zdebel, Hubertus",,ZdebelHubertus,linke,Bund,"[18, 19]",zdebelhubertus
206,997138767763750912,602,0,0.0,Herbrand,Markus,,,Bund,"Herbrand, Markus",,HerbrandMarkus,fdp,Bund,[19],herbrandmarkus
207,4577700622,47,0,0.0,Frieser,Michael,,,Bund,"Frieser, Michael",,MichaelFrieser,cducsu,Bund,"[17, 18, 19]",michaelfrieser
208,4818645382,9,0,0.0,Tiemann,Dietlind,,,Bund,"Tiemann, Dietlind",,dr_tiemann,cducsu,Bund,[19],dr_tiemann
209,33043294,8,0,0.0,Klein,Volkmar,,,Bund,"Klein, Volkmar",,VolkmarKlein,cducsu,Bund,"[17, 18, 19]",volkmarklein
210,4866955749,210,0,0.0,Stefinger,Wolfgang,,,Bund,"Stefinger, Wolfgang",,StefingerMdB,cducsu,Bund,"[18, 19]",stefingermdb
211,4724923756,113,0,0.0,Hajduk,Anja,,,Bund,"Hajduk, Anja",,HajdukBundestag,gruene,Bund,"[15, 16, 18, 19]",hajdukbundestag
212,988765113606918144,796,0,0.0,Lechte,Ulrich,,,Bund,"Lechte, Ulrich",,ulrichlechte,fdp,Bund,[19],ulrichlechte
213,36329898,162,0,0.0,Burkert,Martin,,,Bund,"Burkert, Martin",,BurkertMartin,spd,Bund,"[16, 17, 18, 19]",burkertmartin
214,3337459024,1154,0,0.0,Stadler,Svenja,,,Bund,"Stadler, Svenja",,stadler_svenja,spd,Bund,"[18, 19]",stadler_svenja
215,2837971145,969,0,0.0,Jelpke,Ulla,,,Bund,"Jelpke, Ulla",,UllaJelpke,linke,Bund,"[12, 13, 14, 16, 17, 18, 19]",ullajelpke
216,2842430247,354,0,0.0,De Ridder,Daniela,,,Bund,"De Ridder, Daniela",,DeRidder_MdB,spd,Bund,"[18, 19]",deridder_mdb
217,2860802891,4,0,0.0,Held,Marcus,,,Bund,"Held, Marcus",,MarcusHeld_SPD,spd,Bund,"[18, 19]",marcusheld_spd
218,2885729417,1013,0,0.0,Stein,Peter,,,Bund,"Stein, Peter",,Peter_Stein_CDU,cducsu,Bund,"[18, 19]",peter_stein_cdu
219,3017602065,263,0,0.0,Katzmarek,Gabriele,,,Bund,"Katzmarek, Gabriele",,GabyKatzmarek,spd,Bund,"[18, 19]",gabykatzmarek
220,3034092143,239,0,0.0,Link,Michael Georg,,,Bund,"Link, Michael Georg",,michael_g_link,fdp,Bund,"[16, 17, 19]",michael_g_link
221,3043727333,94,0,0.0,Baumann,Bernd,,,Bund,"Baumann, Bernd",,BerndBaumannAfD,afd,Bund,[19],berndbaumannafd
222,3047392319,5575,0,0.0,Strack-Zimmermann,Marie-Agnes,,,Bund,"Strack-Zimmermann, Marie-Agnes",,MAStrackZi,fdp,Bund,[19],mastrackzi
223,43537931,406,0,0.0,Sensburg,Patrick,,,Bund,"Sensburg, Patrick",,PatrickSensburg,cducsu,Bund,"[17, 18, 19]",patricksensburg
224,3188225915,142,0,0.0,Kartes,Torbjörn,,,Bund,"Kartes, Torbjörn",,KartesMdB,cducsu,Bund,[19],kartesmdb
225,41840905,399,0,0.0,Schön,Nadine,,,Bund,"Schön, Nadine",,NadineSchoen,cducsu,Bund,"[17, 18, 19]",nadineschoen
226,39709752,2246,0,0.0,Griese,Kerstin,,,Bund,"Griese, Kerstin",,KerstinGriese,spd,Bund,"[14, 15, 16, 17, 18, 19]",kerstingriese
227,3292982985,7394,0,0.0,Lauterbach,Karl,,,Bund,"Lauterbach, Karl",,Karl_Lauterbach,spd,Bund,"[16, 17, 18, 19]",karl_lauterbach
228,3350681139,1820,0,0.0,Perli,Victor,,,Bund,"Perli, Victor",,victorperli,linke,Bund,[19],victorperli
229,36665085,1445,0,0.0,Lischka,Burkhard,,,Bund,"Lischka, Burkhard",,LischkaB,spd,Bund,"[17, 18, 19]",lischkab
230,3376953843,319,0,0.0,Bartke,Matthias,,,Bund,"Bartke, Matthias",,matthiasbartke,spd,Bund,"[18, 19]",matthiasbartke
231,38645930,205,0,0.0,Rossmann,Ernst Dieter,,,Bund,"Rossmann, Ernst Dieter",,edrossmann,spd,Bund,"[14, 15, 16, 17, 18, 19]",edrossmann
232,3384795790,2,0,0.0,Oehme,Ulrich,,,Bund,"Oehme, Ulrich",,Ulrich_Oehme,afd,Bund,[19],ulrich_oehme
233,3384824825,7,0,0.0,Herdt,Waldemar,,,Bund,"Herdt, Waldemar",,WaldemarHerdt,afd,Bund,[19],waldemarherdt
234,38467606,836,0,0.0,Hardt,Jürgen,,,Bund,"Hardt, Jürgen",,juergenhardt,cducsu,Bund,"[17, 18, 19]",juergenhardt
235,3522875063,638,0,0.0,Töns,Markus,,,Bund,"Töns, Markus",,Toens_NRW04,spd,Bund,[19],toens_nrw04
236,3577737256,265,0,0.0,Träger,Carsten,,,Bund,"Träger, Carsten",,CarstenTraeger,spd,Bund,"[18, 19]",carstentraeger
237,38001527,373,0,0.0,Brinkhaus,Ralph,,,Bund,"Brinkhaus, Ralph",,rbrinkhaus,cducsu,Bund,"[17, 18, 19]",rbrinkhaus
238,3667108397,82,0,0.0,Lutze,Thomas,,,Bund,"Lutze, Thomas",,thlutze,linke,Bund,"[17, 18, 19]",thlutze
239,3823042877,95,0,0.0,Schiefner,Udo,,,Bund,"Schiefner, Udo",,UdoSchiefner,spd,Bund,"[18, 19]",udoschiefner
240,3852561082,28,0,0.0,Magwas,Yvonne,,,Bund,"Magwas, Yvonne",,YvonneMagwas,cducsu,Bund,"[18, 19]",yvonnemagwas
241,26869088,140,0,0.0,Steffel,Frank,,,Bund,"Steffel, Frank",,franksteffel,cducsu,Bund,"[17, 18, 19]",franksteffel
242,4017796049,89,0,0.0,Stamm-Fibich,Martina,,,Bund,"Stamm-Fibich, Martina",,stamm_fibich,spd,Bund,"[18, 19]",stamm_fibich
243,37105136,2096,0,0.0,Jarzombek,Thomas,,,Bund,"Jarzombek, Thomas",,tj_tweets,cducsu,Bund,"[17, 18, 19]",tj_tweets
244,25816024,217,0,0.0,Hiller-Ohm,Gabriele,,,Bund,"Hiller-Ohm, Gabriele",,GabiHillerOhm,spd,Bund,"[15, 16, 17, 18, 19]",gabihillerohm
245,779601750789656576,24,0,0.0,Güntzler,Fritz,,,Bund,"Güntzler, Fritz",,FGuentzler,cducsu,Bund,"[18, 19]",fguentzler
246,17469649,1457,0,0.0,Castellucci,Lars,,,Bund,"Castellucci, Lars",,larscastellucci,spd,Bund,"[18, 19]",larscastellucci
247,904304932257492992,61,0,0.0,Brehm,Sebastian,,,Bund,"Brehm, Sebastian",,Brehm_inNBGNord,cducsu,Bund,[19],brehm_innbgnord
248,18189342,2487,0,0.0,Schäffler,Frank,,,Bund,"Schäffler, Frank",,f_schaeffler,fdp,Bund,"[16, 17, 19]",f_schaeffler
249,18160122,758,0,0.0,Rohde,Dennis,,,Bund,"Rohde, Dennis",,DennisRohde,spd,Bund,"[18, 19]",dennisrohde
250,995228494023086080,723,0,0.0,Klein,Karsten,,,Bund,"Klein, Karsten",,MdBKlein,fdp,Bund,[19],mdbklein
251,916950563815870464,512,0,0.0,Ebbing,Hartmut,,,Bund,"Ebbing, Hartmut",,HartmutEbbing,fdp,Bund,[19],hartmutebbing
252,18000943,624,0,0.0,Schulz,Jimmy,,,Bund,"Schulz, Jimmy",,jimmyschulz,fdp,Bund,"[17, 19]",jimmyschulz
253,920193967937019904,370,0,0.0,Wirth,Christian,,,Bund,"Wirth, Christian",,ChrWirthMdB,afd,Bund,[19],chrwirthmdb
254,17922403,992,0,0.0,Sarrazin,Manuel,,,Bund,"Sarrazin, Manuel",,ManuelSarrazin,gruene,Bund,"[16, 17, 18, 19]",manuelsarrazin
255,928974816220254208,62,0,0.0,Knoerig,Axel,,,Bund,"Knoerig, Axel",,axel_knoerig,cducsu,Bund,"[17, 18, 19]",axel_knoerig
256,17675072,305,0,0.0,Schulz,Martin,,,Bund,"Schulz, Martin",,MartinSchulz,spd,Bund,[19],martinschulz
257,17483463,518,0,0.0,Höferlin,Manuel,,,Bund,"Höferlin, Manuel",,ManuelHoeferlin,fdp,Bund,"[17, 19]",manuelhoeferlin
258,934029228886065152,639,0,0.0,Mohamed Ali,Amira,,,Bund,"Mohamed Ali, Amira",,Amira_M_Ali,linke,Bund,[19],amira_m_ali
259,935815000006053888,590,0,0.0,Biadacz,Marc,,,Bund,"Biadacz, Marc",,MBiadaczMdB,cducsu,Bund,[19],mbiadaczmdb
260,25980076,516,0,0.0,Aschenberg-Dugnus,Christine,,,Bund,"Aschenberg-Dugnus, Christine",,cad59,fdp,Bund,"[17, 19]",cad59
261,17229513,1162,0,0.0,Lemke,Steffi,,,Bund,"Lemke, Steffi",,SteffiLemke,gruene,Bund,"[13, 14, 18, 19]",steffilemke
262,16696924,434,0,0.0,Pflüger,Tobias,,,Bund,"Pflüger, Tobias",,tpflueger,linke,Bund,[19],tpflueger
263,16325209,219,0,0.0,Solms,Hermann Otto,,,Bund,"Solms, Hermann Otto",,solms,fdp,Bund,"[9, 10, 11, 12, 13, 14, 15, 16, 17, 19]",solms
264,948958759560376320,550,0,0.0,Skudelny,Judith,,,Bund,"Skudelny, Judith",,JudithSkudelny,fdp,Bund,"[17, 19]",judithskudelny
265,951489275312443392,383,0,0.0,Silberhorn,Thomas,,,Bund,"Silberhorn, Thomas",,SilberhornMdB,cducsu,Bund,"[15, 16, 17, 18, 19]",silberhornmdb
266,954049866283483136,91,0,0.0,Mansmann,Till,,,Bund,"Mansmann, Till",,TillMansmann,fdp,Bund,[19],tillmansmann
267,959059951523106816,1915,0,0.0,Straetmanns,Friedrich,,,Bund,"Straetmanns, Friedrich",,FrStraetmanns,linke,Bund,[19],frstraetmanns
268,960463104537657344,841,0,0.0,Djir-Sarai,Bijan,,,Bund,"Djir-Sarai, Bijan",,DjirSarai,fdp,Bund,"[17, 19]",djirsarai
269,16255941,2693,0,0.0,Klingbeil,Lars,,,Bund,"Klingbeil, Lars",,larsklingbeil,spd,Bund,"[15, 17, 18, 19]",larsklingbeil
270,974589289689427968,2847,0,0.0,Neumann,Martin,,,Bund,"Neumann, Martin",,_MartinNeumann,fdp,Bund,"[17, 19]",_martinneumann
271,15943222,1045,0,0.0,Heil,Hubertus,,,Bund,"Heil, Hubertus",,hubertus_heil,spd,Bund,"[14, 15, 16, 17, 18, 19]",hubertus_heil
272,984048002967982080,832,0,0.0,Müller-Rosentritt,Frank,,,Bund,"Müller-Rosentritt, Frank",,theliberalfrank,fdp,Bund,[19],theliberalfrank
273,19108071,462,0,0.0,Braun,Helge,,,Bund,"Braun, Helge",,HBraun,cducsu,Bund,"[15, 17, 18, 19]",hbraun
274,874917828436078592,622,0,0.0,Wagner,Daniela,,,Bund,"Wagner, Daniela",,DanyWagner_DA,gruene,Bund,"[17, 19]",danywagner_da
275,872663038805016576,1258,0,0.0,Hess,Martin,,,Bund,"Hess, Martin",,Martin_Hess_AfD,afd,Bund,[19],martin_hess_afd
276,19257571,398,0,0.0,Pronold,Florian,,,Bund,"Pronold, Florian",,FlorianPronold,spd,Bund,"[15, 16, 17, 18, 19]",florianpronold
277,784760007275515904,3013,0,0.0,Müller,Detlef,,,Bund,"Müller, Detlef",,MuellerChemnitz,spd,Bund,"[16, 18, 19]",muellerchemnitz
278,786498202832822272,321,0,0.0,Hellmich,Wolfgang,,,Bund,"Hellmich, Wolfgang",,HellmichMdB,spd,Bund,"[17, 18, 19]",hellmichmdb
279,794628172570619904,53,0,0.0,Keuter,Stefan,,,Bund,"Keuter, Stefan",,StefanKeuterAfD,afd,Bund,[19],stefankeuterafd
280,796691290016583680,91,0,0.0,Grübel,Markus,,,Bund,"Grübel, Markus",,GruebelMdb,cducsu,Bund,"[15, 16, 17, 18, 19]",gruebelmdb
281,24178198,1133,0,0.0,Lötzsch,Gesine,,,Bund,"Lötzsch, Gesine",,LoetzschMdB,linke,Bund,"[15, 16, 17, 18, 19]",loetzschmdb
282,2831760211,3,0,0.0,Radwan,Alexander,,,Bund,"Radwan, Alexander",,AlexanderRadwan,cducsu,Bund,"[18, 19]",alexanderradwan
283,802968497831739392,1467,0,0.0,Brandenburg,Mario,,,Bund,"Brandenburg, Mario",,BraFDP,fdp,Bund,[19],brafdp
284,23447001,4,0,0.0,Mattfeldt,Andreas,,,Bund,"Mattfeldt, Andreas",,AMattfeldt,cducsu,Bund,"[17, 18, 19]",amattfeldt
285,23296367,34,0,0.0,Jung,Ingmar,,,Bund,"Jung, Ingmar",,Ingmar_Jung,cducsu,Bund,[19],ingmar_jung
286,22755312,1688,0,0.0,Kemmerich,Thomas L.,,,Bund,"Kemmerich, Thomas L.",,KemmerichThL,fdp,Bund,[19],kemmerichthl
287,22364234,1437,0,0.0,Faber,Marcus,,,Bund,"Faber, Marcus",,MarcusFaber,fdp,Bund,[19],marcusfaber
288,21791639,173,0,0.0,Schulz,Swen,,,Bund,"Schulz, Swen",,swenschulz,spd,Bund,"[15, 16, 17, 18, 19]",swenschulz
289,819914159915667456,92,0,0.0,Pilsinger,Stephan,,,Bund,"Pilsinger, Stephan",,StephPilsinger,cducsu,Bund,[19],stephpilsinger
290,824210890354520064,173,0,0.0,Maier,Lothar,,,Bund,"Maier, Lothar",,ProfMaier,afd,Bund,[19],profmaier
291,825019912083038208,236,0,0.0,Staffler,Katrin,,,Bund,"Staffler, Katrin",,katrin_staffler,cducsu,Bund,[19],katrin_staffler
292,827090742162100224,1402,0,0.0,Schüle,Manja,,,Bund,"Schüle, Manja",,ManjaSchuele,spd,Bund,[19],manjaschuele
293,21267421,969,0,0.0,Helling-Plahr,Katrin,,,Bund,"Helling-Plahr, Katrin",,KatrinHelling,fdp,Bund,[19],katrinhelling
294,20986770,663,0,0.0,Dehm,Diether,,,Bund,"Dehm, Diether",,Diether_Dehm,linke,Bund,"[12, 16, 17, 18, 19]",diether_dehm
295,20916357,276,0,0.0,Kruse,Rüdiger,,,Bund,"Kruse, Rüdiger",,RuedigerKruse,cducsu,Bund,"[17, 18, 19]",ruedigerkruse
296,845213960060243968,142,0,0.0,Scheer,Nina,,,Bund,"Scheer, Nina",,NinaScheer_SPD,spd,Bund,"[18, 19]",ninascheer_spd
297,845282647261761536,1043,0,0.0,Mindrup,Klaus,,,Bund,"Mindrup, Klaus",,KlausMindrup,spd,Bund,"[18, 19]",klausmindrup
298,20534846,251,0,0.0,Storjohann,Gero,,,Bund,"Storjohann, Gero",,gero_storjohann,cducsu,Bund,"[15, 16, 17, 18, 19]",gero_storjohann
299,849567328899616768,2401,0,0.0,Kessler,Achim,,,Bund,"Kessler, Achim",,AchimKesslerMdB,linke,Bund,[19],achimkesslermdb
300,19909974,237,0,0.0,Kober,Pascal,,,Bund,"Kober, Pascal",,PascalKober,fdp,Bund,"[17, 19]",pascalkober
301,19286748,303,0,0.0,Matschie,Christoph,,,Bund,"Matschie, Christoph",,matschie,spd,Bund,"[12, 13, 14, 15, 19]",matschie
302,24158261,2392,0,0.0,Maas,Heiko,,,Bund,"Maas, Heiko",,HeikoMaas,spd,Bund,[19],heikomaas
303,44359035,879,0,0.0,Nestle,Ingrid,,,Bund,"Nestle, Ingrid",,Ingrid_Nestle,gruene,Bund,"[17, 19]",ingrid_nestle
304,2814949590,159,0,0.0,Groß,Michael,,,Bund,"Groß, Michael",,michaelgrossmdb,spd,Bund,"[17, 18, 19]",michaelgrossmdb
305,474013625,619,0,0.0,Kotting-Uhl,Sylvia,,,Bund,"Kotting-Uhl, Sylvia",,KottingUhl,gruene,Bund,"[16, 17, 18, 19]",kottinguhl
306,480623844,526,0,0.0,Bause,Margarete,,,Bund,"Bause, Margarete",,MargareteBause,gruene,Bund,[19],margaretebause
307,481393623,69,0,0.0,Franke,Edgar,,,Bund,"Franke, Edgar",,FrankeEdgar,spd,Bund,"[17, 18, 19]",frankeedgar
308,140821364,3887,0,0.0,Bär,Dorothee,,,Bund,"Bär, Dorothee",,DoroBaer,cducsu,Bund,"[15, 16, 17, 18, 19]",dorobaer
309,516783036,2111,0,0.0,Kolbe,Daniela,,,Bund,"Kolbe, Daniela",,danielakolbe,spd,Bund,"[17, 18, 19]",danielakolbe
310,560467206,2183,0,0.0,Pau,Petra,,,Bund,"Pau, Petra",,PetraPauMaHe,linke,Bund,"[14, 15, 16, 17, 18, 19]",petrapaumahe
311,563706584,313,0,0.0,Todtenhausen,Manfred,,,Bund,"Todtenhausen, Manfred",,MTodtenhausen,fdp,Bund,"[17, 19]",mtodtenhausen
312,107806591,413,0,0.0,Hessel,Katja,,,Bund,"Hessel, Katja",,fdp_hessel,fdp,Bund,[19],fdp_hessel
313,106684561,324,0,0.0,Vogt,Ute,,,Bund,"Vogt, Ute",,UteVogt,spd,Bund,"[13, 14, 15, 17, 18, 19]",utevogt
314,600984834,397,0,0.0,Krellmann,Jutta,,,Bund,"Krellmann, Jutta",,JuttaKrellmann,linke,Bund,"[17, 18, 19]",juttakrellmann
315,609972369,1913,0,0.0,Ullmann,Andrew,,,Bund,"Ullmann, Andrew",,UllmannMdB,fdp,Bund,[19],ullmannmdb
316,104100946,1779,0,0.0,Kühn,Stephan,,,Bund,"Kühn, Stephan",,stephankuehn,gruene,Bund,"[17, 18, 19]",stephankuehn
317,702653022,216,0,0.0,Steffen,Sonja Amalie,,,Bund,"Steffen, Sonja Amalie",,SteffenSonja,spd,Bund,"[17, 18, 19]",steffensonja
318,727782559,1733,0,0.0,Gastel,Matthias,,,Bund,"Gastel, Matthias",,MatthiasGastel,gruene,Bund,"[18, 19]",matthiasgastel
319,99268600,354,0,0.0,Boehringer,Peter,,,Bund,"Boehringer, Peter",,PeterBoehringer,afd,Bund,[19],peterboehringer
320,96783215,1136,0,0.0,Schneider,Carsten,,,Bund,"Schneider, Carsten",,schneidercar,spd,Bund,"[14, 15, 16, 17, 18, 19]",schneidercar
321,748851762,300,0,0.0,Birkwald,Matthias W.,,,Bund,"Birkwald, Matthias W.",,MWBirkwald,linke,Bund,"[17, 18, 19]",mwbirkwald
322,94363834,900,0,0.0,Gröhe,Hermann,,,Bund,"Gröhe, Hermann",,groehe,cducsu,Bund,"[13, 14, 15, 16, 17, 18, 19]",groehe
323,93845554,252,0,0.0,Simon,Björn,,,Bund,"Simon, Björn",,BjoernSimon,cducsu,Bund,[19],bjoernsimon
324,93612750,122,0,0.0,Leutert,Michael,,,Bund,"Leutert, Michael",,MichaelLeutert,linke,Bund,"[16, 17, 18, 19]",michaelleutert
325,850993608,538,0,0.0,Gabelmann,Sylvia,,,Bund,"Gabelmann, Sylvia",,SylviaGabelmann,linke,Bund,[19],sylviagabelmann
326,862714045,172,0,0.0,Ostendorff,Friedrich,,,Bund,"Ostendorff, Friedrich",,FOstendorff,gruene,Bund,"[15, 17, 18, 19]",fostendorff
327,89209507,678,0,0.0,Hacker,Thomas,,,Bund,"Hacker, Thomas",,hacker_fdp,fdp,Bund,[19],hacker_fdp
328,88630242,1402,0,0.0,Krischer,Oliver,,,Bund,"Krischer, Oliver",,Oliver_Krischer,gruene,Bund,"[17, 18, 19]",oliver_krischer
329,884382990,590,0,0.0,Weinberg,Marcus,,,Bund,"Weinberg, Marcus",,MarcusWeinberg,cducsu,Bund,"[16, 17, 18, 19]",marcusweinberg
330,888289790,437,0,0.0,Gysi,Gregor,,,Bund,"Gysi, Gregor",,GregorGysi,linke,Bund,"[11, 12, 13, 14, 16, 17, 18, 19]",gregorgysi
331,906847944,167,0,0.0,Oellers,Wilfried,,,Bund,"Oellers, Wilfried",,WilfriedOellers,cducsu,Bund,"[18, 19]",wilfriedoellers
332,87281380,3229,0,0.0,Hunko,Andrej,,,Bund,"Hunko, Andrej",,AndrejHunko,linke,Bund,"[17, 18, 19]",andrejhunko
333,143000381,1084,0,0.0,Mihalic,Irene,,,Bund,"Mihalic, Irene",,IreneMihalic,gruene,Bund,"[18, 19]",irenemihalic
334,143351769,518,0,0.0,Löbel,Nikolas,,,Bund,"Löbel, Nikolas",,NikolasLoebel,cducsu,Bund,[19],nikolasloebel
335,974367631,193,0,0.0,Heil,Mechthild,,,Bund,"Heil, Mechthild",,MechthildHeil,cducsu,Bund,"[17, 18, 19]",mechthildheil
336,150188536,302,0,0.0,Kurth,Markus,,,Bund,"Kurth, Markus",,markuskurthmdb,gruene,Bund,"[15, 16, 17, 18, 19]",markuskurthmdb
337,257461232,1316,0,0.0,Leidig,Sabine,,,Bund,"Leidig, Sabine",,SabineLeidig,linke,Bund,"[17, 18, 19]",sabineleidig
338,179216369,138,0,0.0,Beeck,Jens,,,Bund,"Beeck, Jens",,jensbeeck,fdp,Bund,[19],jensbeeck
339,170964436,582,0,0.0,Teuteberg,Linda,,,Bund,"Teuteberg, Linda",,LindaTeuteberg,fdp,Bund,[19],lindateuteberg
340,282687385,460,0,0.0,Hartwig,Roland,,,Bund,"Hartwig, Roland",,R_Hartwig_AfD,afd,Bund,[19],r_hartwig_afd
341,288696645,2145,0,0.0,Ziemiak,Paul,,,Bund,"Ziemiak, Paul",,PaulZiemiak,cducsu,Bund,[19],paulziemiak
342,292151515,3057,0,0.0,Hitschler,Thomas,,,Bund,"Hitschler, Thomas",,ThomasHitschler,spd,Bund,"[18, 19]",thomashitschler
343,293066780,441,0,0.0,Oppermann,Thomas,,,Bund,"Oppermann, Thomas",,ThomasOppermann,spd,Bund,"[16, 17, 18, 19]",thomasoppermann
344,293522998,1475,0,0.0,Sitte,Petra,,,Bund,"Sitte, Petra",,Petra_Sitte_MdB,linke,Bund,"[16, 17, 18, 19]",petra_sitte_mdb
345,296121556,65,0,0.0,Heinrich,Gabriela,,,Bund,"Heinrich, Gabriela",,GaHeinrich,spd,Bund,"[18, 19]",gaheinrich
346,299650387,1321,0,0.0,Spahn,Jens,,,Bund,"Spahn, Jens",,jensspahn,cducsu,Bund,"[15, 16, 17, 18, 19]",jensspahn
347,314534724,728,0,0.0,Meiser,Pascal,,,Bund,"Meiser, Pascal",,pascalmeiser,linke,Bund,[19],pascalmeiser
348,316355056,623,0,0.0,Diaby,Karamba,,,Bund,"Diaby, Karamba",,KarambaDiaby,spd,Bund,"[18, 19]",karambadiaby
349,162398888,437,0,0.0,Schreiner,Felix,,,Bund,"Schreiner, Felix",,felixschreiner,cducsu,Bund,[19],felixschreiner
350,332264734,1087,0,0.0,Hänsel,Heike,,,Bund,"Hänsel, Heike",,HeikeHaensel,linke,Bund,"[16, 17, 18, 19]",heikehaensel
351,348460907,25,0,0.0,Aumer,Peter,,,Bund,"Aumer, Peter",,PeterAumer,cducsu,Bund,"[17, 19]",peteraumer
352,160906608,317,0,0.0,Fischer,Axel E.,,,Bund,"Fischer, Axel E.",,Axel_Fischer,cducsu,Bund,"[14, 15, 16, 17, 18, 19]",axel_fischer
353,378693834,1156,0,0.0,Altmaier,Peter,,,Bund,"Altmaier, Peter",,peteraltmaier,cducsu,Bund,"[13, 14, 15, 16, 17, 18, 19]",peteraltmaier
354,389682667,1047,0,0.0,Wadephul,Johann David,,,Bund,"Wadephul, Johann David",,JoWadephul,cducsu,Bund,"[17, 18, 19]",jowadephul
355,392312829,4,0,0.0,Krings,Günter,,,Bund,"Krings, Günter",,guenterkrings,cducsu,Bund,"[15, 16, 17, 18, 19]",guenterkrings
356,395912134,427,0,0.0,Schuster,Armin,,,Bund,"Schuster, Armin",,armin_schuster,cducsu,Bund,"[17, 18, 19]",armin_schuster
357,159217491,692,0,0.0,Saathoff,Johann,,,Bund,"Saathoff, Johann",,Johann_Saathoff,spd,Bund,"[18, 19]",johann_saathoff
358,409203792,5112,0,0.0,Schummer,Uwe,,,Bund,"Schummer, Uwe",,UweSchummer,cducsu,Bund,"[17, 18, 19, 15, 16]",uweschummer
359,409258073,1479,0,0.0,Thews,Michael,,,Bund,"Thews, Michael",,michael_thews,spd,Bund,"[18, 19]",michael_thews
360,154064825,24,0,0.0,Heider,Matthias,,,Bund,"Heider, Matthias",,MatthiasHeider,cducsu,Bund,"[17, 18, 19]",matthiasheider
361,426582569,2985,0,0.0,Gelbhaar,Stefan,,,Bund,"Gelbhaar, Stefan",,StefanGelbhaar,gruene,Bund,[19],stefangelbhaar
362,150372237,148,0,0.0,Brehmer,Heike,,,Bund,"Brehmer, Heike",,HeikeBrehmerMdB,cducsu,Bund,"[17, 18, 19]",heikebrehmermdb
363,449619355,2471,0,0.0,Zimmermann,Jens,,,Bund,"Zimmermann, Jens",,JensZSPD,spd,Bund,"[18, 19]",jenszspd
364,963904327,108,0,0.0,Rouenhoff,Stefan,,,Bund,"Rouenhoff, Stefan",,StefanRouenhoff,cducsu,Bund,[19],stefanrouenhoff
365,976421048,408,0,0.0,Glöckner,Angelika,,,Bund,"Glöckner, Angelika",,A_Gloeckner,spd,Bund,"[18, 19]",a_gloeckner
366,2797812265,2760,0,0.0,Bareiß,Thomas,,,Bund,"Bareiß, Thomas",,Thomas_Bareiss,cducsu,Bund,"[16, 17, 18, 19]",thomas_bareiss
367,58429842,1641,0,0.0,Gutting,Olav,,,Bund,"Gutting, Olav",,olavgutting,cducsu,Bund,"[15, 16, 17, 18, 19]",olavgutting
368,57293969,876,0,0.0,Bartol,Sören,,,Bund,"Bartol, Sören",,soerenbartol,spd,Bund,"[15, 16, 17, 18, 19]",soerenbartol
369,56762889,92,0,0.0,Harbarth,Stephan,,,Bund,"Harbarth, Stephan",,stephanharbarth,cducsu,Bund,"[17, 18, 19]",stephanharbarth
370,1662533040,11,0,0.0,Durz,Hansjörg,,,Bund,"Durz, Hansjörg",,Hansjoerg_Durz,cducsu,Bund,"[18, 19]",hansjoerg_durz
371,1862781722,31,0,0.0,Gehrke,Axel,,,Bund,"Gehrke, Axel",,axelgehrke,afd,Bund,[19],axelgehrke
372,1872648764,125,0,0.0,Dittmar,Sabine,,,Bund,"Dittmar, Sabine",,dittmarsabine,spd,Bund,"[18, 19]",dittmarsabine
373,1906911697,229,0,0.0,Kühne,Roy,,,Bund,"Kühne, Roy",,Dr_Roy_Kuehne,cducsu,Bund,"[18, 19]",dr_roy_kuehne
374,2179010672,1214,0,0.0,Baerbock,Annalena,,,Bund,"Baerbock, Annalena",,ABaerbock,gruene,Bund,"[18, 19]",abaerbock
375,2192588903,313,0,0.0,Erndl,Thomas,,,Bund,"Erndl, Thomas",,TErndl,cducsu,Bund,[19],terndl
376,2226815116,3841,0,0.0,Schwarz,Andreas,,,Bund,"Schwarz, Andreas",,Schwarz_MdB,spd,Bund,"[18, 19]",schwarz_mdb
377,2290961736,32,0,0.0,Ziegler,Dagmar,,,Bund,"Ziegler, Dagmar",,ZieglerMdB,spd,Bund,"[17, 18, 19]",zieglermdb
378,2306519694,514,0,0.0,Tressel,Markus,,,Bund,"Tressel, Markus",,MarkusTressel,gruene,Bund,"[17, 18, 19]",markustressel
379,54535670,65,0,0.0,Wellenreuther,Ingo,,,Bund,"Wellenreuther, Ingo",,Wellenreuther,cducsu,Bund,"[15, 16, 17, 18, 19]",wellenreuther
380,52994606,640,0,0.0,Zimmer,Matthias,,,Bund,"Zimmer, Matthias",,matthiaszimmer,cducsu,Bund,"[17, 18, 19]",matthiaszimmer
381,2373251115,112,0,0.0,Müller-Böhm,Roman,,,Bund,"Müller-Böhm, Roman",,muellerboehm,fdp,Bund,[19],muellerboehm
382,2405039875,256,0,0.0,Kemmer,Ronja,,,Bund,"Kemmer, Ronja",,RonjaKemmer,cducsu,Bund,"[18, 19]",ronjakemmer
383,52431948,903,0,0.0,Ebner,Harald,,,Bund,"Ebner, Harald",,ebner_sha,gruene,Bund,"[17, 18, 19]",ebner_sha
384,2443895924,1056,0,0.0,Müller,Bettina,,,Bund,"Müller, Bettina",,BetMueller,spd,Bund,"[18, 19]",betmueller
385,2479436480,1985,0,0.0,Whittaker,Kai,,,Bund,"Whittaker, Kai",,Kai_Whittaker,cducsu,Bund,"[18, 19]",kai_whittaker
386,2521976694,68,0,0.0,Karliczek,Anja,,,Bund,"Karliczek, Anja",,AnjaKarliczek,cducsu,Bund,"[18, 19]",anjakarliczek
387,51483238,380,0,0.0,Gebhart,Thomas,,,Bund,"Gebhart, Thomas",,thomasgebhart,cducsu,Bund,"[17, 18, 19]",thomasgebhart
388,50315139,253,0,0.0,Scheuer,Andreas,,,Bund,"Scheuer, Andreas",,andreasscheuer,cducsu,Bund,"[15, 16, 17, 18, 19]",andreasscheuer
389,46480553,837,0,0.0,Kekeritz,Uwe,,,Bund,"Kekeritz, Uwe",,UweKekeritz,gruene,Bund,"[17, 18, 19]",uwekekeritz
390,44608858,456,0,0.0,Henrichmann,Marc,,,Bund,"Henrichmann, Marc",,MarcHenrichmann,cducsu,Bund,[19],marchenrichmann
391,2617281050,446,0,0.0,Binding,Lothar,,,Bund,"Binding, Lothar",,Lothar_Binding,spd,Bund,"[14, 15, 16, 17, 18, 19]",lothar_binding
392,231440493,410,0,0.0,Kaczmarek,Oliver,,,Bund,"Kaczmarek, Oliver",,KaczmarekOliver,spd,Bund,"[17, 18, 19]",kaczmarekoliver
393,2710786593,89,0,0.0,Ruppert,Stefan,,,Bund,"Ruppert, Stefan",,ruppert_stefan,fdp,Bund,"[17, 19]",ruppert_stefan
394,43959185,169,0,0.0,Heinrich,Frank,,,Bund,"Heinrich, Frank",,FrankHeinrich,cducsu,Bund,"[17, 18, 19]",frankheinrich
395,1534201208,5,0,0.0,Otten,Gerold,,,Bund,"Otten, Gerold",,ttte94,afd,Bund,[19],ttte94
396,1524735194,249,0,0.0,Rüffer,Corinna,,,Bund,"Rüffer, Corinna",,crueffer,gruene,Bund,"[18, 19]",crueffer
397,992808439,230,0,0.0,Weber,Gabi,,,Bund,"Weber, Gabi",,GabiWeberSPD,spd,Bund,"[18, 19]",gabiweberspd
398,1513671236,3594,0,0.0,Hirte,Heribert,,,Bund,"Hirte, Heribert",,HHirte,cducsu,Bund,"[18, 19]",hhirte
399,995653004,202,0,0.0,Metzler,Jan,,,Bund,"Metzler, Jan",,JanMetzler,cducsu,Bund,"[18, 19]",janmetzler
400,1028440310,359,0,0.0,Klare,Arno,,,Bund,"Klare, Arno",,arnoklare,spd,Bund,"[18, 19]",arnoklare
401,1043288618,1120,0,0.0,Hakverdi,Metin,,,Bund,"Hakverdi, Metin",,MetinHakverdi,spd,Bund,"[18, 19]",metinhakverdi
402,83795057,1265,0,0.0,Schmid,Nils,,,Bund,"Schmid, Nils",,NilsSchmid,spd,Bund,[19],nilsschmid
403,1076269195,975,0,0.0,Hartmann,Sebastian,,,Bund,"Hartmann, Sebastian",,sebast_hartmann,spd,Bund,"[18, 19]",sebast_hartmann
404,83474160,2131,0,0.0,Steiniger,Johannes,,,Bund,"Steiniger, Johannes",,JoSteiniger,cducsu,Bund,"[18, 19]",josteiniger
405,1099159964,197,0,0.0,Möring,Karsten,,,Bund,"Möring, Karsten",,KarstenMoering,cducsu,Bund,"[18, 19]",karstenmoering
406,1108382916,1254,0,0.0,Theurer,Michael,,,Bund,"Theurer, Michael",,EUTheurer,fdp,Bund,[19],eutheurer
407,1117526742,388,0,0.0,Schwartze,Stefan,,,Bund,"Schwartze, Stefan",,s_schwartze,spd,Bund,"[17, 18, 19]",s_schwartze
408,1117749912,1661,0,0.0,Post,Achim,,,Bund,"Post, Achim",,Achim_P,spd,Bund,"[18, 19]",achim_p
409,79228932,320,0,0.0,Mohrs,Falko,,,Bund,"Mohrs, Falko",,FalkoMohrs,spd,Bund,[19],falkomohrs
410,77928749,812,0,0.0,Junge,Frank,,,Bund,"Junge, Frank",,jungeinberlin,spd,Bund,"[18, 19]",jungeinberlin
411,75005687,1251,0,0.0,Thomae,Stephan,,,Bund,"Thomae, Stephan",,StephanThomae,fdp,Bund,"[17, 19]",stephanthomae
412,1182878557,969,0,0.0,Neu,Alexander S.,,,Bund,"Neu, Alexander S.",,AlexanderSNeu,linke,Bund,"[18, 19]",alexandersneu
413,1294532364,82,0,0.0,Oßner,Florian,,,Bund,"Oßner, Florian",,Florian_Ossner,cducsu,Bund,"[18, 19]",florian_ossner
414,66750542,41,0,0.0,Fuchtel,Hans-Joachim,,,Bund,"Fuchtel, Hans-Joachim",,fuchtel,cducsu,Bund,"[11, 12, 13, 14, 15, 16, 17, 18, 19]",fuchtel
415,1334019378,5,0,0.0,Stetten,Christian,,,Bund,"Stetten, Christian",,CvStetten,cducsu,Bund,"[15, 16, 17, 18, 19]",cvstetten
416,1356753444,307,0,0.0,Schraps,Johannes,,,Bund,"Schraps, Johannes",,jschraps,spd,Bund,[19],jschraps
417,1370491088,542,0,0.0,Hauptmann,Mark,,,Bund,"Hauptmann, Mark",,MarkHauptmann,cducsu,Bund,"[18, 19]",markhauptmann
418,1391875208,4,0,0.0,Uhl,Markus,,,Bund,"Uhl, Markus",,uhl_markus,cducsu,Bund,"[18, 19]",uhl_markus
419,1399764944,208,0,0.0,Özdemir,Mahmut,,,Bund,"Özdemir, Mahmut",,oezdemir_spd,spd,Bund,"[18, 19]",oezdemir_spd
420,1421571306,1617,0,0.0,Nord,Thomas,,,Bund,"Nord, Thomas",,NordMdb,linke,Bund,"[17, 18, 19]",nordmdb
421,64994645,381,0,0.0,Ernst,Klaus,,,Bund,"Ernst, Klaus",,ernst_klaus,linke,Bund,"[16, 17, 18, 19]",ernst_klaus
422,1446031532,22,0,0.0,Lindholz,Andrea,,,Bund,"Lindholz, Andrea",,AndreaLindholz,cducsu,Bund,"[18, 19]",andrealindholz
423,1461705757,4,0,0.0,Kramme,Anette,,,Bund,"Kramme, Anette",,AnetteKramme,spd,Bund,"[14, 15, 16, 17, 18, 19]",anettekramme
424,64220313,16,0,0.0,Zierke,Stefan,,,Bund,"Zierke, Stefan",,zierke,spd,Bund,"[18, 19]",zierke
425,64159881,138,0,0.0,Petry,Christian,,,Bund,"Petry, Christian",,CPetryMdB,spd,Bund,"[18, 19]",cpetrymdb
426,1009025255753601024,28,0,0.0,Schlund,Robby,,,Bund,"Schlund, Robby",,DrRobbySchlund,afd,Bund,[19],drrobbyschlund
