hashtag,GRUENE,FDP,SPD,CDUCSU,LINKE,AFD
000,0,1,0,0,0,0
01,1,0,0,0,0,0
03,1,0,0,0,0,1
10,1,0,1,0,1,1
100,0,0,0,1,0,0
111,0,0,0,0,1,0
1192,0,0,0,0,1,0
12,1,0,0,0,2,0
1793,0,0,0,0,0,1
18,1,2,2,2,1,0
19,3,0,0,0,2,1
20,1,0,0,1,1,0
2000,1,0,0,0,1,0
2020,0,0,2,1,2,0
2021,1,1,0,0,2,2
20juli,0,0,0,0,0,1
20min,1,0,0,0,0,0
22,0,0,0,0,0,1
24,0,0,0,1,0,0
25,0,0,0,0,1,0
26,0,0,0,0,0,1
28,0,0,0,0,1,0
30,0,3,0,0,0,0
300,0,1,0,0,0,0
3000,0,0,0,0,1,0
31,0,0,0,0,1,0
36,0,0,0,0,0,1
40,0,0,1,0,0,0
45,1,0,0,0,0,0
50,0,0,1,0,0,0
500,0,1,0,0,0,0
60,0,0,0,0,1,1
65,0,0,0,0,0,1
69,1,0,1,0,0,0
70,0,0,0,0,0,1
80,0,0,0,0,0,1
87,0,0,0,1,0,0
8märz,0,0,0,0,1,0
90,0,0,0,0,0,1
90er,1,0,0,0,0,0
abend,0,0,0,0,0,2
abendnachrichten,0,0,1,0,0,0
abenteuerliche,0,1,0,0,0,1
aber,2,0,2,4,3,6
abgebildet,0,1,0,0,0,0
abgeordnete,0,0,0,0,1,0
abgesehen,0,0,0,0,1,0
abheben,0,0,0,0,0,1
ablehnen,1,0,0,2,2,0
ablehnung,1,0,0,0,1,0
ablenken,0,0,0,0,1,0
ablenkungsdebatte,0,0,0,0,1,0
abrackern,0,0,0,0,1,0
absage,0,0,0,0,0,1
abschaffen,0,2,0,0,0,0
abschauen,0,0,1,0,0,0
absolut,0,0,0,2,0,0
absolutheitsansprüche,1,0,0,0,0,0
abstieg,0,0,0,0,0,1
absurd,0,0,0,0,0,1
abtreibung,0,0,0,0,0,1
abwechslung,1,0,0,0,0,0
abwehrgefechten,0,0,0,1,0,0
abwenden,0,0,0,0,1,1
abwiegen,0,0,1,0,0,0
academy,1,0,0,0,0,0
achieve,0,0,2,0,0,0
additional,0,0,1,0,0,0
afd,0,0,2,1,0,29
afdbpt21,0,0,0,0,0,1
afdimbundestag,0,0,0,0,0,1
afdwirkt,0,0,0,0,0,1
afghan,0,0,0,0,0,1
afghanin,0,0,0,0,0,1
afghanistan,0,0,0,1,0,1
afrikaans,0,0,0,0,2,0
against,0,0,1,0,0,0
agenda,0,1,0,0,0,0
agieren,0,0,0,1,0,0
aka,0,0,0,0,1,0
akademisch,0,1,0,0,0,0
akademische,0,0,0,0,0,1
akt,0,1,0,0,0,0
aktionsplan,0,0,0,0,1,0
aktionswoche,0,0,0,0,1,0
aktuell,0,0,1,0,0,0
akzeptanz,0,1,0,0,0,1
akzeptieren,1,0,0,0,0,0
albern,0,0,0,0,0,1
alimentierten,0,0,0,0,0,1
all,0,1,1,1,0,2
alle,0,0,0,0,3,1
alleine,1,0,0,0,0,0
allem,0,0,0,1,0,0
allensbach,0,0,0,0,0,1
allerdings,1,0,0,0,0,0
allerschlimmsten,0,0,0,0,0,1
allesistdrin,1,0,0,0,0,0
alltag,0,2,0,0,0,0
alltagssprache,0,1,0,0,0,0
alltagssprachliche,0,2,0,0,0,0
als,0,1,0,1,0,0
also,0,0,1,0,1,2
alt,0,0,2,1,1,0
altenburgerland,0,0,0,0,0,4
alter,1,0,0,0,0,0
alternativ,0,0,0,1,1,1
altersarmut,0,0,0,0,2,0
alterweissermann,0,0,0,0,0,1
alterweißermann,1,0,0,0,0,0
altparteienpolitiker,0,0,0,0,0,1
am,0,0,0,0,2,1
ambassadors,0,0,2,0,0,0
amen,0,1,0,0,0,5
amenandawoman,0,0,0,0,0,4
amerikanische,0,0,0,0,0,1
among,0,0,1,0,0,0
amthor,0,0,1,0,0,0
amtlich,0,0,0,1,0,2
amtliche,0,0,0,0,0,1
an,0,0,0,2,0,0
analyse,0,0,0,2,0,0
anbeter,0,0,0,0,0,1
and,1,0,10,0,0,0
anerkennen,0,0,0,0,1,0
anfang,0,0,0,0,1,0
angeblich,0,0,0,0,0,1
angehörige,0,0,0,1,0,0
angemessen,0,0,0,0,0,1
angesichts,0,0,0,1,0,0
angriff,1,0,0,0,0,0
anhalt,0,0,0,0,0,1
anhebung,0,0,0,0,0,1
anja,1,0,0,0,0,0
anklicken,0,0,0,0,0,1
anknüpfen,0,0,0,0,1,1
anlass,0,0,0,1,0,0
anlässlich,1,0,0,0,0,0
anmahnen,0,0,0,0,0,1
anmelden,1,0,0,0,0,1
anmeldung,0,0,0,0,1,0
annalena,0,0,0,1,0,0
annewill,0,0,0,0,0,1
announce,0,0,1,0,0,0
annoyed,0,0,0,0,1,0
anprangern,0,0,0,0,0,1
anschauen,0,0,0,1,0,0
anschuldigung,0,0,0,0,1,0
ansehen,0,0,0,0,0,1
ansicht,0,0,0,1,0,0
anspruch,2,0,0,0,0,0
anstatt,0,0,0,0,0,2
anti,0,0,0,0,2,1
antiaufklärerisch,0,0,0,0,0,1
antifa,0,0,0,0,1,1
antje,0,1,0,0,0,0
antrag,3,0,0,0,0,1
antreffen,0,1,0,0,0,0
anträgen,0,0,0,0,0,1
antwort,0,0,0,1,0,2
anwalt,0,0,0,0,0,1
anwenden,0,0,1,0,0,0
anybody,0,0,0,0,1,0
anzahl,0,0,0,1,0,1
aperçu,0,0,1,0,0,0
applaus,0,0,0,0,1,0
arbeit,1,1,1,0,0,0
arbeiten,3,0,1,0,1,0
arbeitgeber,0,1,0,0,0,0
arbeitswelt,0,0,0,0,0,1
ard,0,0,0,0,0,1
are,0,0,3,0,1,0
arendt,0,0,0,0,0,1
argument,1,0,0,0,0,0
arm,0,0,0,0,0,5
armin,0,0,0,1,0,0
armut,0,0,0,0,1,1
around,0,0,1,0,0,0
arrangieren,0,0,0,0,0,1
art,0,0,0,0,0,1
artikel,1,1,0,0,0,0
arzt,2,0,0,0,0,1
asia,0,0,0,0,0,1
atom,0,0,0,0,0,1
attackieren,0,0,0,0,1,0
auch,1,0,0,0,1,1
audi,0,0,0,0,0,1
auf,0,0,0,0,0,1
aufarbeitung,0,1,0,0,0,0
aufdrücken,0,0,0,1,0,0
auffassung,0,0,0,1,0,0
auffordern,0,0,1,0,0,0
aufgeben,0,0,0,0,0,1
aufgeklärt,0,0,0,0,0,1
aufgepasst,0,0,1,0,0,0
aufgreifen,0,0,1,0,0,0
aufgrund,0,0,0,1,0,0
aufpassen,0,1,0,0,0,0
aufruf,0,1,0,0,0,0
aufrufen,0,0,0,0,0,1
aufs,0,0,1,0,0,0
aufsatz,0,0,0,1,0,0
aufschrei,0,0,0,1,0,0
aufstellen,0,0,0,0,1,0
auftreten,0,1,0,0,0,0
aufwachen,0,1,0,0,0,0
aufwerten,0,0,0,0,1,0
aufzwingen,0,1,0,1,1,0
aus,0,0,1,1,0,0
ausdruck,0,0,1,1,1,2
ausdrücke,0,1,0,0,0,0
ausdrücken,1,2,0,0,0,0
ausführlich,0,0,0,0,1,0
ausgeben,0,0,1,0,0,0
ausgegendert,0,0,0,0,0,1
ausgesprochen,0,0,0,1,0,0
ausgleichen,0,0,0,0,0,1
ausgrenzen,1,0,0,0,2,0
auskundschaftende,0,0,0,0,0,1
ausnahme,0,1,0,0,0,0
ausprägen,0,0,0,1,0,0
ausrufen,0,0,0,0,1,0
ausrüstung,0,0,0,0,0,2
aussage,0,0,0,0,0,1
ausschließlich,0,0,0,0,1,0
ausschuss,0,1,0,0,0,0
aussprechen,0,1,0,0,0,0
auswerten,0,1,0,0,0,0
auswertung,1,0,0,0,0,0
autoindustrie,0,1,0,0,0,0
autos,0,0,0,0,0,1
backstube,0,1,0,0,0,0
baer,0,0,0,0,0,1
baerbock,0,1,0,1,0,5
baerbockin,0,0,0,0,0,1
baerbocklügt,0,0,0,0,0,1
baerbocks,0,0,0,1,0,0
bald,0,0,0,0,0,2
band,0,0,0,0,1,0
barnim,0,0,0,1,0,0
bartträgerinnen,0,0,0,0,0,1
based,0,0,1,0,0,0
basis,0,0,2,1,1,0
bau,1,0,0,0,0,0
bauen,0,0,0,0,0,1
bawü,1,0,0,0,0,0
bay,1,0,0,0,0,0
bayern,0,0,2,0,0,0
bayertrend,0,0,0,0,0,1
beantworten,1,0,0,0,0,0
bearbeitung,0,1,0,0,0,0
beauftragter,1,0,0,0,0,0
because,0,0,1,0,0,0
bedarf,0,0,0,1,0,0
bedauerlich,0,0,0,1,0,0
bedeuten,0,0,0,0,1,0
bedfordstrohm,0,0,0,0,0,1
bedingung,1,0,0,0,0,0
bedürfnis,1,0,0,0,1,0
beeinflussung,0,0,0,1,0,0
beenden,0,0,0,0,0,1
befangenheit,0,0,0,0,0,1
befinden,0,0,1,0,1,0
before,0,0,1,0,0,0
befreien,0,0,0,2,0,0
befördern,0,0,0,1,0,0
beginnen,1,0,0,0,0,0
begreifen,0,0,0,0,0,1
begrenzt,0,0,1,0,0,0
begrenzung,0,0,0,1,0,0
begriff,0,0,0,0,1,0
begründung,1,0,0,0,0,0
begrüßung,0,0,0,0,0,1
behalten,0,0,0,1,0,0
behaupten,0,0,0,4,1,0
beherrschen,0,0,0,0,0,1
behörde,0,0,0,2,0,2
bei,0,0,0,1,0,1
beigefügt,0,0,0,1,0,0
beim,1,0,0,0,0,1
beiseite,0,0,0,0,1,0
beispiel,0,0,1,2,1,2
beispielsatz,0,1,0,0,0,0
beitrag,0,0,0,1,0,1
beitragen,0,1,0,0,0,0
beitragszahler,0,0,0,1,0,0
bekloppt,0,0,0,1,0,0
bekommen,0,1,0,0,0,2
bekämpfen,0,0,0,0,1,1
bekämpfung,1,0,0,0,0,0
belarus,0,0,1,0,0,0
belegen,0,0,0,0,0,1
belehren,0,0,0,0,1,1
beleidigen,0,0,0,2,0,0
belächeln,0,0,1,0,0,1
belästigen,0,0,0,0,0,1
bemühen,0,1,0,0,0,0
benachteiligen,0,0,2,0,2,0
benachteiligung,0,0,0,0,1,0
benefitted,0,0,1,0,0,0
benennen,1,0,0,0,0,0
benoten,0,1,0,1,0,0
benutzen,0,1,1,1,1,0
berater,0,0,0,0,0,1
berechnung,1,0,0,0,0,0
berechtigung,0,0,0,1,0,0
bereich,0,0,0,0,0,1
bereichern,0,0,0,0,0,1
bereinigen,0,0,0,1,0,1
bereiten,1,0,0,0,0,0
berichterstattung,0,0,1,1,0,1
berlin,0,0,1,0,0,9
bernhard,0,0,0,0,0,1
berufe,1,0,0,0,0,0
berufen,0,0,0,0,0,3
beruflich,0,0,0,1,0,0
berufsverbot,0,0,0,0,0,1
berücksichtigen,0,0,1,0,0,0
berücksichtigung,0,0,0,0,1,0
bescheiden,0,0,0,0,0,1
bescheinigen,0,0,0,0,0,1
beschimpfen,0,0,0,0,0,1
beschimpfung,1,0,0,0,0,0
beschleichen,0,0,0,0,1,0
beschließen,0,0,0,0,1,0
beschweren,0,0,0,1,0,0
beschäftigen,1,1,0,0,0,0
beschäftigt,0,2,0,0,0,0
beschäftigte,0,0,0,0,1,0
besonder,0,0,0,0,1,0
bestehen,0,0,0,1,0,0
bestellen,0,0,0,1,0,0
bestensee,0,0,0,0,0,1
bestimmen,0,0,1,0,0,0
bestimmt,0,0,0,0,1,0
bestrafen,0,0,0,1,0,0
bestrebungen,0,0,0,0,0,1
bestätigen,0,0,0,0,0,1
besuchen,0,0,0,0,0,1
beteiligen,0,0,0,0,1,0
betragen,1,0,0,0,0,0
betreiben,0,0,0,0,1,0
bevormundungsscheisse,1,0,0,0,0,0
bevölkerung,0,0,0,4,0,3
bewahren,0,0,0,0,0,1
beweisen,0,0,1,0,0,0
bewertung,0,1,0,0,0,0
bewusst,0,0,1,0,0,0
bewusstes,0,0,0,0,1,0
bezahlen,1,0,1,0,1,2
bezahlung,0,0,0,0,2,0
bezeichnen,0,0,0,1,0,0
beziehungsweise,0,0,0,1,0,1
bibi,0,0,0,0,0,1
big,0,0,1,0,0,0
biggest,0,0,1,0,0,0
bild,0,1,0,0,0,0
bildung,1,0,0,2,0,0
bildungsausschuss,0,0,0,0,0,1
billig,0,0,0,0,1,0
bims,0,0,0,0,1,0
binding,0,0,1,0,0,0
binnen,0,0,0,2,0,0
binären,0,0,0,0,2,0
biologie,0,0,0,0,0,1
bionade,0,0,0,0,0,1
bis,1,0,1,0,0,0
bisherig,0,0,1,0,0,0
bitte,0,0,0,0,1,0
bitten,2,0,0,0,0,0
blackrock,0,0,0,0,0,1
blank,1,0,0,0,0,0
blatt,0,0,0,0,0,1
bleiben,1,0,0,3,1,4
blicken,0,0,0,1,0,0
blind,0,0,0,1,0,0
blocke,0,0,1,0,0,0
blocken,0,0,1,0,0,0
bloß,1,0,0,0,0,0
blume,0,0,0,0,1,0
blöd,0,0,1,0,0,1
blödsinn,0,0,2,0,0,1
bmw,0,0,0,0,0,1
bockig,1,0,0,0,0,0
boden,0,0,0,1,0,0
bonner,0,0,0,1,0,0
bonzen,0,0,0,0,0,1
bornierte,0,0,0,0,0,1
br,0,0,1,0,0,0
branche,0,0,0,1,0,0
branchenneutrale,0,0,0,0,0,1
branchenunterschied,0,0,0,0,0,1
brandner,0,0,0,0,0,7
brauche,0,0,0,0,1,0
brauchen,3,2,2,2,1,5
brechen,0,0,0,0,1,0
breg,0,0,0,0,1,0
breit,0,0,0,2,0,0
brief,0,0,0,2,0,0
bringen,0,1,1,1,0,0
bt,0,0,1,0,0,0
btw2021,0,0,1,0,0,0
btw21,1,0,0,0,0,1
buchen,1,0,0,0,1,0
budgeting,0,1,0,0,0,0
bund,0,0,0,0,0,1
bundesebene,0,0,0,0,0,1
bundesländern,0,0,0,1,0,0
bundesregierung,1,0,0,0,1,1
bundestag,5,0,1,1,2,13
bundestagsabgeordnete,0,0,2,0,0,0
bundestagsfraktion,0,0,0,0,0,1
bundestagsverwaltung,1,0,0,0,0,0
bundestagswahl,1,1,0,0,0,0
bundestagswahl2021,0,0,0,0,0,1
bundesverfassungsgericht,0,0,0,0,0,1
bundeswehr,0,0,0,0,0,3
bundesweit,0,0,0,0,1,0
bunt,0,0,0,0,0,1
bureg,0,0,0,0,1,0
but,0,0,1,0,0,0
bverfg,0,0,0,0,0,1
by,0,0,4,0,1,0
bzgl,1,0,0,0,0,0
bzw,1,0,0,0,0,1
bäcker,0,1,0,0,0,1
böse,0,0,0,1,0,0
bösen,0,0,0,0,1,0
bündnis,0,0,0,0,1,0
bürger,2,0,0,0,0,0
bürgerfern,0,0,0,1,0,0
bürgerlich,0,0,0,0,0,1
bürgern,0,1,0,0,0,1
bürokratie,0,2,0,0,0,0
ca,0,0,0,1,0,1
campaigner,0,0,1,0,0,0
can,0,0,1,0,0,0
cancel,0,0,0,0,1,0
cancelculture,0,0,0,0,3,0
care,1,0,0,0,0,0
cc,0,0,0,0,1,0
cdu,3,0,2,2,1,6
cdugoesafd,0,0,1,0,0,0
cdugoesmerz,1,0,0,0,0,0
cduler,0,0,0,1,0,0
cdurausausderregierung,0,0,0,0,3,0
cent,0,0,0,0,0,1
champion,0,0,1,0,0,0
chance,0,0,1,0,0,0
chancengerechtigkeit,0,0,0,1,0,0
chancengleichheit,0,0,0,1,1,0
chaps,0,0,0,0,1,0
checken,0,0,1,0,0,0
child,0,0,1,0,0,0
chinesisch,0,0,0,1,0,0
christ,0,0,0,0,0,1
christlich,0,0,0,1,0,0
christoph,0,1,0,0,0,0
cl,0,2,0,0,0,0
claim,0,0,1,0,0,0
clear,0,0,1,0,0,0
click,0,0,0,0,1,0
closing,0,0,1,0,0,0
co,0,0,0,0,0,3
combatting,0,0,1,0,0,0
congress,0,0,0,0,0,3
conservative,0,0,0,0,1,0
continue,0,0,1,0,0,0
cool,1,0,0,0,1,0
coole,1,0,0,0,0,0
copyright,0,0,1,0,0,0
corona,0,1,0,0,2,4
coronagipfel,0,0,0,0,1,0
correctness,0,0,1,0,0,0
couleur,0,0,0,0,0,1
crisis,0,0,1,0,0,0
csu,0,1,0,0,0,1
culturalappropiation,0,0,0,0,0,1
cultutre,0,0,0,0,1,0
da,4,0,4,3,2,3
dafür,0,0,0,1,0,1
daily,0,0,0,0,0,1
damit,0,0,0,0,1,0
danke,0,0,0,0,0,1
danken,0,0,0,1,0,1
dann,0,0,0,2,0,0
darauf,0,0,0,1,0,0
dass,1,0,1,1,0,1
data,2,0,0,0,0,0
datenlücke,1,0,0,0,0,0
datum,1,0,0,0,0,0
davor,0,0,0,0,0,1
dax,0,0,0,0,0,1
day,0,0,0,0,1,0
de,0,0,1,0,0,0
dear,0,0,1,0,0,0
debatte,0,1,1,2,5,0
deepfakes,2,0,0,0,0,0
definieren,0,0,0,2,0,0
demand,0,0,1,0,0,0
demnächst,0,0,0,0,0,1
democracies,0,0,1,0,0,0
democracy,0,0,1,0,0,0
democrat,0,0,0,0,0,1
democrats,0,0,0,0,0,1
demokratie,0,0,0,0,1,0
demokratisch,0,0,0,0,0,1
demokratische,0,0,0,0,0,1
demokratischer,0,0,0,1,0,0
demoskopen,0,0,0,0,0,1
denkbar,0,0,0,1,0,0
denken,1,0,1,0,6,1
denker,0,0,0,0,0,1
denn,0,1,1,0,0,0
dennoch,0,0,1,0,0,0
derer,0,0,0,1,0,0
derzeit,0,0,0,0,1,1
deshalb,0,0,0,3,0,0
design,0,0,1,0,0,0
deswegen,1,1,0,0,0,1
deut,0,0,0,1,0,0
deutlich,0,0,0,1,0,1
deutliche,0,0,0,0,0,1
deutsch,0,1,2,5,3,11
deutsche,0,1,1,1,0,5
deutschen,0,2,0,0,1,0
deutschesprache,0,0,1,2,0,1
deutschland,1,0,1,2,3,8
deutschlandabernormal,0,0,0,0,0,6
deutschsprachig,0,0,1,0,0,0
deutschtümelnden,0,0,0,0,1,0
dicht,0,0,0,0,0,1
die,0,0,0,0,2,0
diegruenen,0,1,0,0,0,0
dienen,0,0,0,0,0,1
dienstgraden,0,0,0,1,0,0
diese,0,0,0,1,0,0
diesel,0,0,0,0,0,1
dieseltechnologie,0,0,0,0,0,1
dieser,0,1,0,0,0,0
dieses,0,0,0,0,0,1
diffamieren,0,0,0,1,1,0
different,0,0,1,0,0,0
digitalisierung,2,0,1,0,0,0
digitaltour,1,0,0,0,0,0
diktat,0,1,0,0,0,1
diktatur,0,0,0,0,0,1
dingen,0,0,0,0,0,1
diplomatie,0,0,1,0,0,0
direkt,0,0,0,0,0,1
discriminating,0,0,1,0,0,0
discrimination,0,0,1,0,0,0
diskriminieren,0,0,0,1,0,1
diskriminierung,2,0,0,0,1,0
diskurs,0,0,0,0,1,0
diskussion,0,0,0,0,2,1
diskussionsteilnehmer,1,0,0,0,0,0
diskutieren,2,1,0,0,0,1
dissen,0,0,1,0,0,0
diverse,0,0,1,0,0,0
diversity,0,0,1,0,0,2
diversität,0,1,0,0,0,0
do,0,0,1,0,0,0
doch,0,0,0,0,0,1
doktrinären,0,0,0,0,1,0
dokument,0,0,0,0,0,1
dominieren,0,0,0,0,0,1
donnerstag,0,1,0,0,0,0
donor,0,0,1,0,0,0
doppelpunkt,3,0,0,2,1,0
doppelstrukturen,0,0,0,1,0,0
dort,0,0,0,0,0,1
dosis,0,0,0,1,0,0
dr,1,0,0,0,0,0
dramatische,0,0,0,0,0,1
drangsalieren,0,0,0,0,0,1
drehen,0,0,0,1,0,0
dreijährige,0,0,0,0,0,1
dringen,0,0,1,0,0,0
dringend,0,0,0,1,0,0
dritteln,0,0,0,0,0,1
drittletzter,1,0,0,0,0,0
drucken,0,0,0,0,0,1
dt,0,0,1,1,1,0
dtl,0,0,0,0,1,0
duden,1,1,0,1,0,6
dumm,0,0,1,0,0,1
durchgeknallten,0,0,0,0,0,1
durchlesen,0,0,1,0,0,0
durchschnitt,0,0,0,0,1,0
durchschnittlich,0,0,0,0,1,0
durchsetzen,2,0,0,0,0,1
durchspielen,0,0,0,1,0,0
dutzende,0,0,0,0,0,1
dämliches,0,0,0,0,1,0
dörner,0,0,0,1,0,0
dürfen,0,0,0,0,0,1
ebene,0,0,0,0,1,1
ebenfalls,1,0,0,0,0,0
echauffierten,1,0,0,0,0,0
echt,1,0,3,2,0,2
ecke,0,0,0,0,0,1
econtwitter,1,0,0,0,0,0
effektiv,1,0,0,0,0,0
egal,0,0,0,2,0,1
eh,0,0,0,1,0,0
ehe,0,0,0,0,0,1
eher,1,1,0,1,0,0
eigentlich,0,0,4,3,2,6
eigenverantwortliche,0,1,0,0,0,0
ein,1,0,0,2,0,3
eindeutig,0,1,0,1,0,0
eindiverspackung,0,0,0,0,0,1
eindruck,1,1,0,0,0,0
eindrucksvoll,0,0,0,0,0,1
eine,0,2,0,0,2,4
einer,0,0,0,0,1,0
einfach,2,1,2,7,3,3
einfallen,0,0,0,0,1,1
einfamilienhaus,0,1,0,0,0,0
einführung,0,0,0,0,0,2
eingebildet,1,0,0,0,0,0
eingehen,1,0,0,0,0,0
einheit,0,0,0,0,0,1
einheitlichkeit,0,1,0,0,0,0
einig,1,0,0,0,0,0
einigen,0,0,0,1,1,0
einklang,0,0,1,0,0,0
einladung,1,0,0,0,0,0
einmannpackung,0,0,0,0,0,1
einrichtung,0,0,0,1,0,0
eins,0,0,0,0,0,2
einsatz,0,0,0,1,0,0
einschränken,0,0,0,0,0,1
einsetzen,0,0,0,1,1,1
einwanderungsminister,1,0,0,0,0,0
einzig,0,0,1,1,1,1
ekd,0,0,0,0,0,1
eklige,0,0,0,0,1,0
elektroschocks,0,0,0,0,1,0
elite,0,0,0,1,1,2
elitendebatte,0,3,0,0,0,0
elitär,0,1,0,1,1,0
elke,0,0,0,0,0,1
elternteil,0,0,0,0,0,1
emanuelcleaver,0,0,0,0,0,1
emanzen,0,0,0,0,0,1
emanzipation,0,0,0,1,0,0
empfehlung,0,0,0,1,0,1
empfinden,0,0,0,1,1,0
empirie,1,0,0,0,0,0
empowerment,0,0,1,0,0,0
empowers,0,0,1,0,0,0
en,0,0,0,0,0,2
enden,1,1,0,0,0,2
endlich,1,0,0,1,0,0
energie,0,1,0,0,0,0
ens,0,0,4,0,0,1
enteignung,0,1,0,0,0,0
entgegenstellen,0,0,0,1,0,0
entgeltgleichheitsgesetz,1,0,1,0,0,0
entgelttransparenzgesetz,1,0,0,0,1,0
entlarven,0,0,0,0,0,1
entlasten,0,0,0,1,0,0
entscheiden,0,0,2,0,0,0
entscheidung,1,0,0,1,0,0
entschließungsanträgen,1,0,0,0,0,0
entschuldigen,0,0,1,0,0,0
entsprechen,0,0,0,1,0,0
entsprechend,0,0,0,0,0,1
entstehen,0,0,0,1,0,0
entweder,0,0,0,0,1,0
entwickeln,0,0,1,0,0,0
entwicklung,0,0,0,1,0,0
entwürfe,1,0,0,0,0,0
entwürfen,1,0,0,0,0,0
epa,0,0,0,0,0,1
equal,0,0,2,0,0,0
equality,0,0,4,1,0,0
equalpay,3,0,0,0,1,0
equalpayday,6,0,2,2,2,0
erbrochene,0,0,0,0,0,1
ereifern,0,0,0,1,0,0
erfahren,0,0,0,0,1,0
erfahrung,0,0,0,1,1,0
erfasst,1,0,0,0,0,0
erfinden,0,0,0,1,0,0
erfinder,0,0,0,0,0,1
erfolgen,0,1,0,0,0,0
erfolglos,0,0,0,0,0,1
erfolgreich,0,0,0,0,0,2
erfordern,0,1,0,0,1,0
erforschung,0,0,0,0,1,0
erfunden,0,0,0,0,1,0
erfüllen,1,0,0,0,0,0
ergebnis,0,0,0,0,0,1
ergänzung,0,0,0,1,0,0
erhalten,1,0,2,0,1,1
erhöhen,0,0,0,1,0,0
erinnern,0,0,0,1,1,1
erkennen,0,0,0,0,0,1
erklären,2,0,0,0,2,2
erlauben,1,0,0,0,0,0
erleben,0,0,0,0,1,0
ernannt,0,0,0,1,0,0
ernst,0,0,0,0,0,1
ernsthaftigkeit,1,0,0,0,0,0
erreichen,1,0,0,1,0,0
ersatz,0,0,1,0,0,0
erschreckend,0,1,0,0,0,0
erschweren,0,1,0,0,0,0
ersparen,0,0,0,1,0,0
erst,0,0,0,0,0,1
erstaunen,0,0,0,0,0,1
erstickt,0,0,0,0,0,1
erstmal,0,0,0,1,0,0
ertragen,0,0,0,1,0,0
erwähnen,0,0,0,1,0,0
erziehungsaufgabe,0,0,0,0,0,1
es,0,0,0,0,0,1
essen,0,0,0,3,0,0
establishment,0,1,0,0,0,0
etc,0,1,0,3,0,0
etwa,0,0,0,0,0,1
eu,0,0,3,0,0,0
eulenspiegel,1,0,0,0,0,0
euro,0,0,0,0,0,2
europa,1,0,0,0,0,0
europapolitik,1,0,0,0,0,0
europe,0,0,1,0,0,0
european,0,0,2,0,0,0
eusocialsummit21,0,0,1,0,0,0
evangelisch,0,0,0,0,0,1
eventuell,1,0,0,0,0,0
everyone,0,0,1,0,0,0
everywhere,0,0,1,0,0,0
exakt,0,0,0,0,1,0
exbürgerlichen,0,0,0,0,0,1
exclusion,0,0,1,0,0,0
exemplarisch,0,0,0,0,0,1
existent,0,0,0,0,0,1
existenz,0,0,0,0,0,3
existieren,0,0,0,0,1,0
experten,0,0,0,1,0,0
expertengespräch,0,0,0,0,0,1
explodieren,0,0,0,0,1,0
exportweltmeister,0,0,0,0,0,1
expression,0,0,1,0,0,0
exzessiv,1,0,0,0,0,0
fabian,0,1,0,0,0,0
face,0,0,1,0,0,0
facebook,0,0,1,0,0,0
fachen,0,0,0,0,0,1
fachfrage,0,0,0,1,0,0
fahren,0,0,0,0,1,0
fair,0,0,1,0,0,0
faire,1,0,0,0,0,0
fairer,0,0,0,0,0,1
fake,0,0,0,0,1,0
faktum,0,0,0,1,0,0
fall,0,0,0,0,0,2
falsch,0,0,0,5,2,0
familie,0,0,0,0,0,4
familien,0,0,0,0,0,1
familienpolitik,0,0,0,0,0,1
fan,0,0,0,0,0,1
fangen,0,0,0,0,1,0
far,0,0,1,0,0,0
farbfernsehens,0,0,0,0,0,2
faschos,0,0,0,0,1,0
fast,0,0,1,1,0,1
faulen,0,0,0,0,3,0
faz,0,0,0,1,0,2
fdp,0,1,0,0,0,0
fehlen,1,1,1,0,1,0
fehlend,0,0,0,1,0,0
fehler,0,0,0,0,0,1
fehleranfällig,1,0,0,0,0,0
feien,0,0,0,0,0,1
feier,0,0,0,0,1,0
feinde,0,0,0,0,1,0
feld,1,1,0,0,0,0
femininum,0,0,0,0,1,0
feminism,0,0,1,0,0,0
feminismus,0,0,0,0,2,1
feminist,1,0,0,0,0,0
feministen,0,0,0,0,0,1
feministenkrieg,0,0,0,0,0,1
feministisch,0,0,0,0,0,4
feministische,0,0,0,0,0,3
feministischen,0,0,0,0,2,0
fest,0,0,0,1,0,1
festmachen,0,0,0,0,0,1
festnehmen,0,0,0,0,1,0
fett,0,0,0,0,1,0
fff,0,0,0,1,0,0
fight,0,0,1,0,0,0
fighting,0,0,1,0,0,0
filmen,1,0,0,0,0,0
finde,0,1,0,0,0,0
finden,2,2,1,2,1,2
firlefanz,0,0,0,0,0,2
fixierung,0,0,1,0,0,0
fleischwolf,0,0,0,0,0,1
fließen,0,0,0,0,0,1
floods,0,0,1,0,0,0
flutkatastrophe,0,0,0,0,0,1
flüchtlingspolitik,0,0,0,0,0,1
focus,0,0,0,0,0,3
folge,0,1,0,0,0,1
folgen,0,0,1,0,1,0
foltern,0,0,0,0,1,0
for,0,0,6,0,0,0
fordern,1,1,0,1,1,1
forderung,0,0,0,1,0,0
form,3,0,0,0,0,0
formen,1,0,0,1,0,1
formulieren,1,1,0,0,0,0
forscher,0,0,0,0,1,0
forschern,0,0,0,0,0,1
forschung,0,1,1,0,0,1
forschungsfreiheit,0,0,0,1,0,0
fortentwicklung,0,0,0,1,0,0
fortschreiten,0,0,0,0,1,0
fortschreitend,0,0,0,0,1,0
fortschritt,1,0,0,0,0,0
fortschrittlich,0,0,0,0,0,1
frage,2,0,1,1,0,1
fragen,0,1,0,1,1,2
fragt,0,0,1,0,0,0
fraktion,0,0,0,1,0,2
fraktionsklausur,0,0,1,0,0,0
frankreich,0,0,0,0,0,3
frau,14,1,5,8,13,6
frauen,1,1,1,0,1,0
frauenanteil,0,0,0,0,1,0
frauenkampftag,0,0,0,0,3,0
frauenklasse,0,0,0,0,0,1
frauenkörpern,0,0,0,0,0,1
frauenmärz,1,0,0,0,0,0
frauenquote,0,0,1,0,0,2
frauenrechte,0,0,0,0,1,0
frauensport,0,0,0,0,0,1
frauentag2021,0,0,0,0,1,0
frauinnen,0,0,0,0,0,1
fraupräsident,0,0,0,0,0,1
freedom,0,0,1,0,0,0
freetech,1,0,0,0,0,0
frei,0,1,1,1,0,1
freie,0,0,0,2,0,0
freiheit,1,0,2,0,0,0
freiheitlich,0,0,0,0,0,1
freitag,0,0,0,0,1,0
freuen,0,1,0,0,0,1
freund,0,0,0,1,0,0
freunden,0,0,0,0,0,2
friedrich,1,0,0,0,2,0
from,0,0,3,0,0,0
früh,0,0,0,0,1,0
frühsexualisierung,0,0,0,0,0,1
full,0,0,1,0,0,0
funktionieren,0,1,0,0,0,0
funktionsfähig,0,0,0,0,0,1
furchtbar,0,0,0,0,0,1
fußballunterhaltung,0,0,0,0,0,1
fw,0,1,0,0,0,0
fällen,1,0,1,1,0,0
fänd,0,0,0,0,1,0
fördern,0,0,0,0,0,2
förderung,0,0,0,0,0,1
fühlen,1,0,2,0,0,0
führend,0,0,0,0,0,1
führung,0,0,0,0,0,1
für,0,1,2,2,0,2
fürs,0,0,0,0,0,1
fürstlich,0,0,0,0,0,1
gaga,1,0,0,0,0,3
ganserer,0,0,0,0,0,2
ganz,0,0,0,0,0,1
gap,2,0,4,2,3,0
garantieren,0,1,0,0,0,0
gasen,0,1,0,0,0,0
gastbeitrag,0,0,0,1,0,0
gaus,0,0,0,0,0,1
gay,0,0,1,0,0,0
gebdert,0,0,0,0,0,1
geben,0,0,0,1,2,1
gebet,0,0,0,0,0,1
gebetsformel,0,0,0,0,0,1
gebildet,0,1,0,0,0,0
gebildete,0,1,0,0,0,0
gebrauchen,0,0,0,2,0,0
gebühr,0,0,0,0,0,1
gebührenzahlens,0,0,1,0,0,0
gefahr,0,0,0,0,1,0
geflüchtet,0,0,0,0,1,0
gefunden,0,0,0,0,0,1
gefährden,0,1,0,0,0,2
gefährder,0,0,0,0,0,2
gefährlich,0,0,0,0,0,1
gefühl,0,1,0,0,1,1
gegen,0,0,0,0,0,1
gegendemo,0,0,0,0,0,1
gegendert,0,0,0,1,0,1
gegenteil,0,0,1,1,0,0
gegenwart,0,0,0,0,1,0
gegner,0,0,0,0,1,0
gehalt,1,0,0,0,0,0
gehaltsgruppen,0,1,0,0,0,0
gehassten,0,1,0,0,0,0
gehen,0,0,1,0,0,0
geheuchel,0,0,0,0,0,1
gehirn,0,0,0,0,1,0
geht,0,0,2,0,0,0
gehts,0,0,1,1,0,0
geistlos,0,0,0,0,0,1
gekeife,0,0,0,0,0,1
gelaber,0,0,0,0,1,0
gelb,0,0,0,0,0,1
geld,0,0,1,0,0,1
gelingen,1,0,0,0,0,0
gelten,0,0,0,0,0,1
gemeindeparlament,0,0,0,0,0,1
gemeinsam,0,0,1,0,0,0
genannt,0,0,0,2,0,2
genau,0,2,0,2,2,1
gender,11,8,19,11,11,37
genderal,0,0,0,0,0,1
genderbehörde,1,0,0,0,0,0
genderbias,1,0,0,0,0,0
gendercaregap,0,0,0,1,0,0
genderdeutsch,0,0,0,0,0,1
genderdiversenquote,0,0,0,0,0,1
genderdoppelpunkt,0,0,0,1,0,1
genderdreck,0,0,0,0,0,1
gendere,0,1,0,0,0,1
gendereconimics,1,0,0,0,0,0
genderequality,0,0,2,0,0,0
genderfanatiker,0,0,0,0,0,1
genderfans,0,0,0,0,0,1
gendergaga,2,1,4,6,3,23
gendergap,0,0,0,0,1,0
gendergerecht,0,0,1,0,0,0
gendergerechte,0,4,0,0,1,3
gendergerechten,0,0,0,1,1,0
gendergerechtigkeit,0,1,0,0,0,1
genderirrsinn,0,0,0,1,0,0
genderismus,0,0,0,0,0,2
genderisten,0,0,0,0,0,1
genderklo,0,0,0,0,0,1
genderkunstsprache,0,0,0,1,0,0
gendern,19,12,14,40,17,29
genderneusprech,0,0,0,0,0,2
genderneutrale,0,1,0,0,0,0
gendernneindanke,0,0,0,1,0,0
genderns,0,0,1,0,1,1
genderpartei,0,1,0,0,0,1
genderpaygap,7,1,3,2,7,2
genderprojekt,0,0,0,0,0,1
genderquatsch,0,0,0,0,0,5
genderschwachsinns,0,0,0,0,0,1
genderschwurbelei,0,0,0,1,0,0
gendersensible,0,0,0,0,0,1
gendersprache,2,3,1,7,4,4
gendersprech,0,0,0,1,0,0
genderstar,2,0,0,0,1,0
genderstern,1,1,0,3,1,1
gendersternchen,2,2,1,8,3,1
gendersternneindanke,0,0,0,1,0,0
genderstotter,0,0,0,0,0,1
genderstudies,0,0,0,0,1,0
gendert,0,2,1,5,1,9
gendertheorie,0,0,0,0,0,1
genderunsinn,0,0,0,0,0,2
genderunterstrich,0,0,0,1,0,0
genderverbot,1,1,0,0,5,1
genderwahn,0,0,0,3,0,4
genderwahnsinn,0,0,0,0,0,1
genderwissenschaft,0,1,0,0,0,0
genderzeichen,0,0,0,2,0,0
genderzwang,0,0,0,2,1,0
generalinspekteur,0,0,0,0,0,1
generisch,0,0,0,0,0,1
generischesmaskulinum,0,0,0,0,0,1
genoss,0,0,0,0,1,0
genügen,0,0,0,0,0,2
george,0,0,0,0,1,0
gera,0,0,0,0,0,4
gerade,0,1,0,0,0,1
geradejetzt,0,0,2,0,0,0
geradestehen,0,0,0,0,0,1
gerecht,1,0,0,0,0,0
gerechter,1,0,0,0,0,0
gerechtergerechter,1,0,0,0,0,0
gerechtigkeit,1,1,2,0,0,0
geriert,0,0,0,0,0,1
gering,0,0,0,1,0,0
german,0,0,0,0,2,0
germany,0,0,1,0,0,0
gerne,1,0,0,2,2,1
gerster,0,0,0,1,0,0
gesamtgesellschaftlich,0,0,0,1,0,0
gesamtwirtschaftlichen,0,0,0,1,0,0
geschehen,0,0,0,1,0,0
geschichte,0,0,0,0,1,0
geschichtsunterricht,0,0,1,0,0,0
geschlecht,1,0,1,1,0,1
geschlechter,3,0,0,0,0,0
geschlechtergerecht,1,1,0,0,0,0
geschlechtergerechte,2,0,0,1,0,2
geschlechtergerechter,0,1,0,0,0,0
geschlechtergerechtigkeit,0,0,1,1,2,0
geschlechtergerechtigtkeit,1,0,0,0,0,0
geschlechterstereotype,0,1,0,0,0,0
geschlechtsgenossin,0,0,0,0,0,1
geschätzt,0,1,0,0,0,0
gesellschaft,0,1,0,1,0,1
gesellschaftlich,0,0,0,0,1,0
gesellschaftsordnung,0,0,0,0,0,1
gesellschaftszerfall,0,0,0,0,0,1
gesetz,1,2,0,1,0,0
gesetze,0,0,0,0,0,1
gesetzes,2,0,0,0,0,0
gesetzesentwurf,0,0,0,0,0,1
gesetzesentwürfen,1,0,0,0,0,0
gesetzessprache,0,0,0,1,0,0
gesetzestexte,1,1,0,0,0,0
gesetzestexten,0,1,0,0,0,0
gespräch,0,0,0,1,0,1
gestalten,1,0,0,0,0,0
gestelzten,0,1,0,0,0,0
gestern,0,0,1,0,1,0
gesundheitssystem,0,0,0,0,1,0
getrieben,0,0,0,0,0,1
getue,0,0,0,0,0,1
gewaltenteilung,0,0,0,0,0,1
gewinnen,1,1,0,0,0,1
gewährleisten,1,0,0,0,0,1
gewöhnen,0,0,0,0,0,1
gewöhnung,0,0,0,0,0,1
gez,0,0,0,0,0,1
gezabschaffen,0,0,0,0,0,1
gezeter,1,0,0,0,0,0
gg,0,0,0,0,0,1
gibt,1,0,0,0,0,1
giffey,0,0,0,0,0,1
glauben,0,0,0,0,0,2
gleich,2,0,0,1,4,0
gleichberechtigt,0,0,0,0,0,1
gleichberechtigung,0,0,0,2,2,1
gleichen,0,0,1,0,1,0
gleichmacherei,0,0,0,1,0,0
gleichstellung,1,1,3,0,1,1
gleichstellungsfragen,1,0,0,0,0,0
gleichstellungsjahr,0,0,0,0,1,0
gleichwertige,0,0,1,0,0,0
global,0,1,0,0,0,0
glückwunsch,0,0,1,0,0,0
goals,0,0,1,0,0,0
good,0,0,0,0,1,0
grammatik,0,0,0,0,0,1
grammatikalisch,0,0,0,0,0,1
grammatisch,0,0,0,1,0,0
gratulation,0,0,0,0,0,1
great,0,0,1,0,0,0
greatly,0,0,1,0,0,0
greifen,0,0,1,1,0,1
greiz,0,0,0,0,0,4
groß,0,0,1,1,0,0
großkonzerne,0,0,0,0,0,1
großteil,0,0,0,5,0,0
grueneverhindern,0,0,1,0,0,1
grund,1,0,1,1,2,0
grundgesetz,0,0,0,1,0,0
grundstein,0,1,1,0,0,0
grundsätzlich,0,1,0,0,0,0
gruppe,0,0,1,0,0,0
gruppenklagerecht,1,0,0,0,0,0
gröhlen,0,0,1,0,0,0
gröpl,0,1,0,0,0,0
grün,1,3,0,2,0,1
grüne,1,2,2,6,0,7
grünesbundestagswahlprogramm,0,0,0,0,0,1
grüninnen,0,0,0,0,0,2
grünlinke,0,0,0,0,0,2
grünlinkes,0,0,0,0,0,1
gt,1,2,0,0,0,0
gulag,0,0,0,0,0,1
gut,1,0,1,0,1,5
gute,0,0,0,1,0,1
gängelei,0,0,0,1,0,0
gängig,0,0,0,0,1,0
gör,0,0,0,0,0,1
günstige,1,0,0,0,0,0
günter,0,0,0,0,0,1
haben,1,0,0,0,1,0
hach,0,0,0,0,0,1
halt,0,0,0,1,0,0
halte,0,0,1,5,0,1
halten,0,0,0,1,0,2
hamburghasstgesunde,0,0,0,0,0,1
hand,0,0,0,0,2,0
handeln,0,2,0,1,1,0
handhaben,0,0,0,1,0,0
hannah,0,0,0,0,0,1
hans,0,0,0,0,1,0
harbarth,0,0,0,0,0,1
hardliner,0,0,0,0,0,1
harmlose,0,1,0,0,0,0
harry,0,0,0,0,0,1
hart,1,0,0,0,0,0
harte,0,0,0,0,0,1
hartz,0,0,0,0,1,0
haseloff,0,0,0,0,1,0
hasser,0,0,0,0,0,1
hauptsache,0,1,0,0,0,1
hausarbeit,0,0,0,0,0,1
hausarbeiten,0,0,1,0,0,0
hausen,0,0,0,0,0,1
have,1,0,0,0,0,0
hebräisch,0,0,0,0,0,1
heidenreich,0,0,0,0,0,1
heilsam,0,0,0,0,1,0
heimat,0,0,0,0,0,1
helfen,1,0,0,0,0,1
hellen,2,0,0,0,0,0
hello,0,0,0,0,1,0
help,0,0,1,0,0,0
heranzuziehen,0,1,0,0,0,0
herausforderung,0,1,0,0,0,0
herkunft,0,0,1,0,0,0
herr,0,0,0,0,0,2
herrn,0,0,0,0,0,2
herrschaft,0,0,0,0,1,1
herstellen,0,1,0,0,0,0
herzlich,1,0,0,0,0,0
herzliche,0,0,1,0,0,0
hessen,0,0,0,0,0,2
hetzen,0,0,0,0,1,0
heuchlerisch,0,0,0,0,0,1
heute,1,1,1,1,1,1
heutig,1,0,1,1,0,1
heutige,0,0,0,1,0,0
heutzutage,0,0,1,0,0,0
highest,0,0,1,0,0,0
hilfe,0,1,0,0,0,0
hinschauen,0,1,0,0,0,0
hinterfragen,0,0,0,1,0,0
hinterher,1,0,0,0,0,0
hirngespinst,0,0,0,0,0,1
historie,0,0,0,1,0,0
hit,0,0,1,0,0,0
hochkarätig,0,0,0,0,0,1
hochschule,0,0,0,1,0,0
hoffen,0,1,0,1,0,0
hoffnung,0,0,0,1,0,0
holen,0,0,0,0,1,0
holocaust,0,0,0,0,1,0
honoraruntergrenzen,0,0,0,0,1,0
hornscheidt,0,0,2,0,0,0
hoschule,0,0,0,0,1,0
how,0,0,0,0,1,0
hpbaxxter,0,0,0,0,1,0
human,0,0,2,0,0,0
humoriges,0,0,0,0,0,1
hyperhyper,0,0,0,0,1,0
hysterisch,0,0,0,0,0,1
häufig,1,0,0,0,1,0
höchst,0,0,0,0,0,1
höchste,0,0,0,0,0,1
höchstens,0,0,0,0,1,0
hölderlin,0,0,1,0,0,0
hören,0,0,0,3,0,1
ich,17,9,15,45,16,20
idahobit,0,0,1,0,0,0
idahobit2021,0,0,1,0,0,0
idee,1,0,0,0,0,0
identity,0,0,1,0,0,0
identitätspolitik,0,2,0,0,1,0
ideologe,0,0,0,0,0,3
ideologen,0,0,0,0,0,2
ideologie,1,0,0,1,1,8
ideologin,0,0,0,0,0,1
ideologisch,0,0,0,2,0,1
ideologische,0,0,0,0,0,2
idiotie,0,0,0,0,0,2
ignorieren,0,0,0,0,0,1
illiberal,0,0,0,1,0,0
im,3,0,0,1,1,2
immer,2,0,0,0,0,0
impfdosen,0,0,0,0,0,1
impressiv,0,0,1,0,0,0
in,4,0,1,2,4,4
indianer,0,0,1,0,0,0
indigene,0,0,0,0,0,1
indirekt,0,0,1,0,0,0
individuals,0,0,1,0,0,0
indoktriniert,0,0,0,0,0,1
indymedia,0,0,0,0,0,1
influencerin,0,0,0,0,1,0
information,0,0,0,1,0,1
infostand,0,0,0,0,0,1
ingenieur,0,0,0,0,0,2
ingenieurin,0,1,0,0,0,0
inhaltsleere,0,0,0,0,0,1
initiative,1,0,0,1,0,0
inklusionsteams,0,0,0,0,0,1
inklusiv,0,0,0,0,1,0
inklusiver,2,0,0,0,0,0
innen,1,0,0,0,3,8
innenzahlern,0,0,0,0,0,1
insights,0,0,1,0,0,0
insofern,0,0,0,0,1,0
inspirieren,0,1,0,0,0,0
instagram,0,0,0,0,0,1
instanz,0,0,0,1,0,0
institution,0,0,0,1,0,0
instrumentalisieren,1,0,0,0,0,0
insurance,0,0,1,0,0,0
inszenieren,0,0,0,0,0,1
intellektuell,0,0,0,0,0,1
interessant,2,0,0,0,0,0
interessieren,0,0,1,3,1,0
intern,0,1,0,0,0,0
internationalwomensday,0,0,2,0,0,0
internet,1,0,0,0,0,0
into,0,0,1,0,0,0
introduce,0,0,0,0,1,0
inwiefern,0,0,0,0,1,0
inzest,0,0,0,0,0,1
inzwischen,0,0,0,0,0,1
irak,0,0,0,0,0,1
irfsummit2021,0,0,0,0,0,1
irgendwann,1,0,0,0,0,0
irgendwie,0,0,0,1,0,0
ironie,0,0,0,1,0,0
irre,0,0,0,0,0,1
irren,0,0,0,1,0,1
irrergehtnichtmehr,0,0,0,0,0,1
irrlehre,0,0,0,0,0,1
irrsinn,0,1,0,0,0,0
irrweg,0,0,0,0,0,1
irssinn,0,0,0,1,0,0
is,0,0,4,0,0,0
isixhosa,0,0,0,0,1,0
islamistischer,0,0,0,0,0,1
israeli,0,0,1,0,0,0
it,0,0,1,0,0,0
iv,0,0,0,0,1,0
iwd,0,0,1,0,0,0
iwd2021,0,0,1,0,0,0
iwie,0,0,0,1,0,0
ix,0,0,0,0,0,1
ja,0,0,0,0,1,2
jahn,1,0,0,0,0,0
jahr,5,0,2,1,4,3
jahr10telangen,0,0,0,0,0,1
jahrhundert,0,0,0,0,1,0
jahrtausend,0,0,0,0,0,1
jakobiner,0,0,0,0,0,1
jakobinischen,0,0,0,0,0,1
januar,1,0,0,0,0,0
jarasch,0,0,0,0,0,1
jed,0,0,0,3,0,0
jede,0,0,0,0,1,0
jedens,0,0,1,0,0,0
jesus,0,0,0,0,0,1
jetzt,0,0,0,1,0,3
jeweilig,0,1,0,0,0,0
job,0,0,2,0,1,0
jobs,0,0,0,0,0,1
joe,0,0,0,0,0,1
journalism,1,0,0,0,0,0
journalismus,0,0,0,1,0,0
journalist,0,0,0,1,1,0
journalistin,0,0,0,0,0,1
journalists,0,0,0,0,1,0
ju,0,0,0,0,1,0
jugend,0,0,0,0,0,1
jugendliche,0,0,0,0,0,1
junge,0,0,0,0,0,1
juso,0,0,0,1,0,0
justice,0,0,1,0,0,0
jährig,0,0,0,0,0,1
jährigen,1,0,0,0,0,0
jüngst,0,1,0,0,0,0
jüngste,0,0,1,0,0,0
kabulaiport,0,0,0,0,0,1
kaderschmieden,0,0,0,0,0,1
kaeser,0,0,0,0,0,1
kalkül,2,0,0,0,0,0
kampagne,0,0,1,0,0,0
kandidaten,0,0,0,0,0,1
kannweg,0,0,0,0,0,1
kanzler,1,0,0,0,0,0
kanzlerkandidatin,0,0,1,0,0,0
kaputt,0,0,0,0,1,0
karriere,0,0,0,1,0,0
kartellparteien,0,0,0,0,0,1
kassel,0,3,0,0,0,0
katholik,0,0,0,0,0,1
kaum,0,0,0,0,0,1
kebekus,1,0,0,0,0,0
kehren,0,0,0,0,0,1
kein,0,0,0,1,1,4
keingenderzwang,0,0,0,4,0,0
kennen,1,1,0,0,0,1
kernfrage,0,0,1,0,0,0
kevin,0,0,0,0,1,0
kind,0,0,0,1,0,4
kinderarmut,0,0,0,0,0,1
kindererziehung,0,0,0,1,0,0
kinderfeindlich,0,0,0,0,0,1
kinderinnen,0,0,0,0,0,1
kirche,0,0,0,0,0,1
kiste,0,0,0,1,0,0
kita,1,0,0,0,1,1
klang,0,0,0,1,0,0
klappen,0,0,0,1,0,0
klaren,2,0,0,2,0,1
klarer,0,0,0,0,0,1
klarheit,0,1,0,0,0,0
klartext,0,0,1,0,0,1
klein,0,0,0,0,0,1
kleinschreibung,0,0,0,1,0,0
klima,0,2,1,0,0,3
klimakrise,1,0,0,0,0,0
klimaunsinn,0,0,0,0,0,1
klimawahn,0,0,0,0,0,2
klimawandel,0,0,0,0,1,0
klimawandelleugner,0,0,0,0,1,0
kluge,1,0,0,0,0,0
klären,0,0,0,0,1,0
knesset,0,0,1,0,0,0
knicken,0,0,0,0,0,1
knieschuss,0,0,0,0,0,1
koalitionsfähig,0,0,0,0,0,1
koeppen,0,0,0,1,0,0
kohleausstieg,0,0,0,0,0,1
kolleg,0,0,0,0,0,1
kollege,1,1,1,3,0,0
kolumne,0,0,1,0,0,0
komisch,0,0,0,0,1,0
kommen,0,0,0,2,0,1
kommende,0,1,0,0,0,0
kommentar,0,1,0,1,0,0
kommt,1,0,0,0,0,0
kommunikation,0,1,0,0,0,1
kommunikationsformen,1,0,0,0,0,0
kommunizieren,0,1,0,0,0,0
komplexität,0,0,0,1,0,0
kompliment,0,0,0,0,0,1
konkurrenz,0,0,0,0,0,1
konmt,0,0,0,0,0,1
konsens,0,0,0,0,1,0
konsequent,0,0,1,0,0,2
konsequenz,1,0,0,0,0,0
konservativ,1,0,0,0,3,0
konservative,0,1,1,0,0,1
konservativen,0,0,0,0,0,1
kontrolle,0,0,0,0,0,2
konventio,0,1,0,0,0,0
konzept,1,0,0,0,0,0
konzerne,0,0,0,0,0,1
konzerninteressen,0,0,0,0,1,0
kooperation,0,0,0,1,0,0
korrekt,1,0,1,0,2,1
korrektheit,0,1,0,0,0,0
korrigieren,0,0,1,0,0,0
korruption,0,0,1,0,0,0
kosten,0,0,1,0,0,0
kraft,0,0,0,0,0,1
kraftvoll,0,0,0,0,1,0
kramen,0,0,0,1,0,0
krankenhäusern,0,0,0,0,1,0
krankenpfleger,0,1,0,0,0,0
krankenpflegern,1,0,0,0,0,0
krankenschwester,2,0,0,0,0,0
krankhaft,0,0,1,0,0,0
kreationen,0,1,0,0,0,1
kredit,1,0,0,0,0,0
kreditanträge,1,0,0,0,0,0
kreditnehmerinnen,1,0,0,0,0,0
kriechen,0,0,0,0,0,1
kriegen,2,0,0,1,0,1
kriminell,0,0,0,0,0,1
krippe,0,0,0,0,0,1
kriterium,0,1,0,0,0,0
kritik,0,1,0,0,1,1
kritisch,0,1,0,0,0,0
kritisieren,0,0,1,0,1,1
kultur,0,0,0,1,0,1
kulturell,0,0,0,0,1,0
kulturkampf,0,0,2,0,0,0
kulturkampfes,0,0,0,0,0,1
kultusminister,0,0,0,0,0,1
kunde,0,0,0,1,0,0
kundig,0,0,0,0,0,1
kundin,0,0,0,1,0,0
kunstsprache,0,1,0,0,0,0
kurz,0,0,0,0,0,1
kuschen,0,0,0,0,0,1
kämpfe,0,0,0,0,1,0
kämpfen,0,0,1,0,0,2
kämpferisch,0,0,0,0,1,0
könn,1,0,0,0,0,0
können,1,0,0,1,2,0
kühnert,0,0,0,0,1,0
kümmern,0,0,0,0,1,1
künftig,1,0,1,0,0,1
künstliche,0,1,0,1,0,0
kürze,0,0,0,0,0,1
lachen,0,0,0,1,0,0
lade,1,1,0,0,0,0
lady,1,0,0,0,0,0
lage,0,0,0,0,0,1
lager,0,0,0,0,0,1
laie,0,0,0,1,0,0
land,0,0,0,2,1,4
landeslisten,0,0,1,0,0,0
landwirtschaft,0,1,0,0,0,0
langsam,0,0,1,3,1,0
language,0,0,0,0,1,0
langweilig,0,0,0,2,0,0
lann,0,0,1,0,0,0
laschet,1,0,1,1,0,0
lassen,2,0,1,1,1,2
last,0,0,0,0,0,1
laufen,0,0,0,1,2,1
laut,1,0,1,0,1,1
lautstark,0,0,0,0,0,1
leader,0,0,1,0,0,0
leading,0,0,1,0,0,0
leben,1,0,1,2,0,1
lebenserwerbseinkommen,1,0,0,0,0,0
lebensstilfragen,0,0,0,0,1,0
lebensweise,1,0,0,0,0,0
legen,0,0,0,1,0,0
lehmann,0,0,0,0,0,1
lehnen,0,1,0,1,0,3
lehren,0,0,1,0,0,0
lehrende,0,1,0,0,0,0
lehrer,0,0,1,0,0,1
lehrstuhl,0,0,0,2,0,0
leiter,1,0,0,0,0,0
lernen,0,1,0,0,0,0
lesen,0,1,1,1,0,2
lesenswert,0,0,1,1,1,0
leserbriefen,0,0,0,0,0,1
letzt,0,0,0,0,0,1
leuchten,2,0,0,0,0,0
leugnen,0,0,0,0,1,0
leute,0,0,3,2,2,0
lgbti,0,0,0,0,0,1
lieb,0,1,0,0,0,0
lieben,1,0,0,0,1,0
lieferketten,0,0,1,0,0,0
lieferkettengesetz,0,0,0,0,1,0
liegen,2,0,0,1,2,0
like,0,0,0,0,1,0
link,0,2,0,0,1,7
linke,0,0,0,1,0,4
linkebpt,0,0,0,0,1,0
linken,0,0,0,0,1,0
links,0,0,1,0,0,1
linksextreme,0,0,0,0,0,2
linksextremisten,0,0,0,0,0,1
linksextremistischen,0,0,0,0,0,1
linksgrüne,0,0,0,0,0,1
linksgrünen,0,0,0,0,0,1
linksgrüner,0,0,0,0,0,1
linksideologische,0,0,0,0,0,1
linkslastige,0,0,0,0,0,1
linksradilen,0,0,0,0,0,1
linksversifften,0,0,0,0,1,0
live,0,0,1,0,0,0
lives,0,0,1,0,0,0
lobby,0,0,0,0,0,1
lobbyist,0,0,0,0,0,1
lobbyisten,0,0,0,0,0,1
loblied,0,0,0,0,0,1
lockdown,0,0,0,0,0,3
lockdownverlaengerung,0,0,0,0,1,0
lohnarmut,0,0,0,0,1,0
lohnen,1,0,1,0,2,0
lohngerechtigkeit,0,0,1,0,0,0
lohngleichheit,1,0,0,0,0,0
lohnlücke,0,0,0,1,0,0
lohnniveaus,0,0,0,0,0,1
lohnstrukturen,2,0,0,0,0,0
lt,1,0,0,0,0,0
ltwlsa,0,0,0,0,0,1
ltwsa,0,0,0,0,1,0
ltwsa21,0,0,0,0,0,1
ludwig,1,0,0,0,0,0
lufthansa,0,0,0,0,0,1
lustig,0,0,0,0,1,1
lustige,1,0,0,0,0,0
lächeln,0,0,0,0,0,1
ländernregionen,0,0,1,0,0,0
lässt,0,0,1,0,0,3
löhne,0,0,0,0,1,0
lösen,0,1,0,1,0,0
lösung,1,1,0,0,0,2
maaßen,0,1,0,0,0,0
machen,2,0,0,2,1,0
machtverhältnissen,0,0,0,0,1,0
mahnen,0,1,0,0,0,0
mai,0,0,0,0,0,1
mal,2,1,2,3,3,1
malen,0,0,0,1,0,0
mama,0,0,0,1,0,0
man,0,0,1,1,2,2
manch,0,0,0,1,0,1
manchmal,0,0,0,1,0,0
mandat,1,0,0,0,0,0
mangelhaft,0,0,0,0,0,1
mann,5,1,2,2,2,2
mannschaft,0,0,0,1,0,0
many,0,0,1,0,0,0
markenkern,0,0,1,0,0,0
marktwirtschaft,0,0,0,1,0,0
marx,0,0,0,0,1,0
marxismus,0,0,0,0,1,0
maschinenbau,0,0,0,0,0,1
masse,0,0,0,3,0,0
massenarbeitslosigkeit,0,0,0,0,0,1
massenmedien,0,0,0,0,0,1
massenmord,0,0,0,0,0,1
massstab,0,0,0,1,0,0
matters,0,0,1,0,0,0
maßnahmen,0,0,0,0,0,1
maßstab,0,1,0,2,0,0
mdl,1,0,0,0,0,0
mdr,0,0,0,0,0,1
medienmacher,0,0,0,1,0,0
mediopunkt,0,0,0,1,0,0
medium,0,1,0,0,1,1
meet,0,0,1,0,0,0
mehr,0,0,0,2,2,1
mehrer,1,0,0,0,0,0
mehrheit,0,1,1,4,1,7
mehrheitlich,0,0,0,1,0,0
mein,4,2,1,4,2,7
meine,0,0,2,1,1,1
meinung,0,0,0,3,1,1
meinungsfreiheit,0,0,0,0,0,1
meist,1,1,0,3,0,0
meistens,0,0,0,0,1,0
melden,0,0,0,1,0,0
member,0,0,1,0,0,0
mensch,4,3,1,9,5,7
menschenrechte,1,0,0,0,0,0
menschenverachtenden,0,0,0,0,0,1
merkel,0,1,0,0,0,2
merz,1,1,1,0,2,1
miete,0,0,1,0,0,0
mietpreise,0,0,0,0,1,0
migranten,0,0,0,0,0,1
migration,0,0,0,0,0,1
migrationspolitik,0,1,0,0,1,0
mike,0,0,0,0,0,1
mikroökonomie,1,0,0,0,0,0
milieu,0,0,0,0,0,2
milliarde,0,0,0,0,0,1
million,0,0,1,0,1,2
mimimi,0,0,0,0,1,0
minderheit,0,0,3,0,0,1
minderwertigkeit,0,1,0,0,0,0
mindestens,0,1,0,0,0,0
minimum,0,0,1,0,0,0
ministerposten,0,0,0,0,0,1
minus,0,0,0,0,0,1
minute,0,0,0,1,0,1
misandrie,0,0,0,0,1,0
miserabel,0,0,0,0,1,0
missbrauch,0,0,0,0,1,0
missbrauchen,0,0,0,1,0,0
missglückte,0,0,0,1,0,0
mit,1,0,0,1,3,1
mitarbeiter,0,0,0,0,0,1
mitgemeint,0,0,0,1,0,0
mitglied,0,0,0,0,0,3
mitglieder,0,0,0,0,0,1
mitkriegen,0,0,0,0,1,0
mitmachen,0,0,0,1,0,0
mitsprechen,0,0,0,1,0,0
mitte,0,1,0,0,0,0
mitteln,0,0,0,0,0,1
mittels,0,0,0,0,0,1
mittler,0,1,0,0,0,0
mittlerweile,0,0,1,0,1,0
mitverantwortet,0,0,0,0,1,0
mitzeichnen,0,0,0,0,0,1
mobbing,0,0,1,0,0,0
moderator,0,0,0,1,0,0
moderatorin,0,0,0,0,0,1
moderieren,0,2,0,0,0,0
modern,0,0,0,0,0,1
moment,0,0,0,0,1,0
monat,0,0,0,0,0,1
monatlich,0,0,0,0,1,0
moralisch,0,0,0,0,0,1
more,0,0,2,0,0,0
morgen,0,0,0,0,0,1
motor,0,0,0,0,0,1
moved,0,0,1,0,0,0
much,0,0,1,0,0,0
mund,0,0,0,1,0,0
munter,0,0,1,0,0,2
muss,0,0,1,0,0,0
mut,0,0,0,0,1,0
mutig,0,0,1,0,0,0
mutter,0,0,0,0,0,2
muttersprache,0,0,0,2,0,1
mwn,0,0,0,1,0,0
myanmar,0,0,0,0,0,1
mädchen,0,0,0,0,1,1
männer,0,0,0,0,0,1
männeranteil,0,1,0,0,0,0
männern,0,0,0,0,0,1
männlich,1,0,1,1,0,3
männliche,1,0,0,1,2,0
märz,1,0,0,0,0,0
mögen,0,0,0,0,1,0
müde,0,0,0,0,0,1
mühe,0,0,0,0,1,0
münchen,0,1,0,1,0,0
müsste,0,0,0,0,1,0
müssten,1,0,0,0,0,0
na,0,0,1,0,0,1
nach,0,0,0,0,0,1
nachbessern,0,0,0,0,1,0
nachdenken,0,0,0,0,1,0
nachhaltigkeit,0,0,0,1,0,0
nachholbedarf,0,0,0,1,0,0
nachricht,0,0,0,0,0,1
nachrichtendienstliche,0,0,0,0,0,1
nachschauen,0,1,0,0,0,0
nachtsichtgerät,0,0,0,0,0,1
nachvollziehbar,0,0,0,1,0,0
nachweislich,0,0,0,1,0,0
nagel,0,0,0,1,0,0
nahe,0,0,0,0,0,1
naja,0,1,0,0,0,0
name,0,0,0,0,0,1
nationalstaat,0,0,0,0,1,0
naturschutz,0,0,1,0,0,0
natürlich,0,1,0,2,0,0
ne,0,0,0,0,1,0
needs,0,0,1,0,0,0
negativ,0,0,0,2,0,0
nehmen,1,1,0,1,2,0
neiemand,1,0,0,0,0,1
nein,0,1,0,0,0,0
nennen,1,0,0,2,1,0
neo,0,0,0,0,1,0
neoliberalen,0,0,0,0,1,0
nerven,0,0,0,1,0,0
neu,0,1,0,0,1,0
neubauer,0,0,0,0,0,1
neuer,0,0,0,0,0,1
neuesten,0,0,1,0,0,0
neusprech,0,0,0,1,0,0
neustart,0,0,0,1,0,0
neutrum,0,0,0,0,0,1
new,0,0,1,0,0,0
news,0,0,0,0,1,0
nice,1,0,0,0,0,0
nicht,0,2,1,1,2,6
nicole,0,0,0,0,0,1
niedrig,0,0,0,0,1,0
niedrige,1,0,0,0,0,0
niedriglohnsektor,0,0,0,0,1,0
niemals,0,0,0,0,0,1
niemand,0,0,0,0,1,0
niete,0,0,0,0,0,1
niewiedercdu,0,0,0,0,0,1
nine,0,0,1,0,0,0
niveau,0,0,0,0,0,1
nix,1,0,1,0,0,0
noafd,0,0,0,0,6,0
nobelpreisträger,0,0,0,0,0,1
noch,0,0,1,0,1,0
normal,0,0,1,0,0,3
not,0,0,0,0,0,1
note,0,1,0,1,0,1
notwendig,0,1,0,0,0,0
now,0,0,0,0,1,0
nrw,0,0,0,0,0,1
ns,0,0,0,0,1,0
nun,0,0,1,0,0,0
nur,0,0,0,0,1,3
nurdieafd,0,0,0,0,0,1
nurnochafd,0,0,0,0,0,1
nutzen,1,0,0,1,3,0
nutzer,0,0,0,1,0,0
nutzung,0,1,0,0,0,0
nzz,0,0,0,0,0,1
nächst,0,0,0,1,1,0
nägelmitkoeppen,0,0,0,1,0,0
nämlich,0,0,0,1,1,0
nö,1,0,0,0,0,0
ob,0,1,0,1,0,0
oberbürgermeisterin,0,0,0,0,0,1
obskure,0,0,0,0,0,2
obwohl,0,0,0,2,0,0
oder,1,1,0,0,1,0
of,1,0,4,0,1,0
offenbar,0,0,0,0,0,1
offenbaren,0,1,0,0,0,0
offenkundig,1,0,0,0,0,0
offenlegen,1,0,0,0,0,0
offensichtlich,1,0,0,1,0,0
offiziell,0,0,0,0,0,1
oh,0,0,0,0,0,1
ohne,0,0,2,1,0,3
ohrenbetäubend,0,0,0,1,0,0
ok,0,0,0,1,0,0
olaf,0,0,0,1,0,0
on,0,0,4,0,0,0
onkel,0,0,0,0,0,1
online,0,2,0,0,0,3
operieren,0,0,0,0,0,1
opfern,0,0,0,0,1,0
opportunisten,0,0,0,0,0,1
opportunity,0,0,1,0,0,0
option,0,0,1,0,0,0
ordern,0,0,0,0,0,1
orientation,0,0,1,0,0,0
ort,0,0,0,1,0,0
orwell,0,0,0,1,0,0
ostdeutschland,0,0,0,0,1,0
osten,0,0,0,0,1,0
our,0,0,1,0,0,0
pandemie,0,0,1,0,1,0
pankower,0,0,0,0,1,0
papa,0,0,0,1,0,0
parlament,0,0,0,0,0,1
parlamentarisch,1,0,0,0,0,2
parlamentarische,0,0,0,0,0,2
partei,0,0,0,0,2,2
parteifunktionäre,0,0,1,0,0,0
partout,0,0,0,0,1,0
passend,0,0,0,0,0,1
passt,0,0,0,0,0,1
patrick,0,0,0,0,1,0
pay,0,0,4,1,2,0
paytransparency,0,0,1,0,0,0
peinlich,0,0,1,0,0,0
people,0,0,1,0,0,0
per,0,0,0,1,0,0
perfekt,1,1,0,0,0,1
person,0,0,1,0,0,1
personalrat,0,0,0,1,0,0
perspektive,0,0,0,0,1,0
persönlich,1,0,0,0,0,0
petent,0,0,0,1,0,0
peter,0,0,0,0,1,0
petition,0,0,0,2,0,0
petitionsausschuss,0,0,0,1,0,0
pfeife,0,0,0,0,0,1
pflege,1,0,0,1,2,0
pflegen,0,0,0,0,0,1
pflegenotstand,0,0,0,0,1,0
pflegestärken,1,0,0,0,0,0
pflicht,1,0,0,0,0,0
philosophieren,0,0,0,1,0,0
plan,0,0,0,1,0,1
planning,1,0,0,0,0,0
plattform,0,0,0,0,0,2
platzen,1,0,0,0,0,1
ploß,0,0,1,0,0,0
plus,0,0,0,0,0,1
plötzlich,0,0,0,0,0,1
pm,0,0,0,0,0,1
podcast,0,1,0,0,0,0
politbarometer,0,0,0,0,0,1
politics,0,0,2,0,0,0
politik,2,0,2,0,1,3
politiker,2,0,0,0,1,0
politisch,0,3,0,0,1,1
politische,0,2,1,1,0,1
politischer,0,0,1,0,0,0
politisieren,0,0,0,2,0,0
pompeo,0,0,0,0,0,1
populistisch,0,0,0,0,1,0
porto,0,0,1,0,0,0
potter,0,0,0,0,0,1
poverty,0,0,2,0,0,0
prager,0,0,0,0,0,1
prayer,0,0,0,0,0,1
prekarisierung,0,0,0,0,1,0
priorität,0,1,0,0,0,0
privat,0,1,0,2,0,0
privatisierung,0,0,0,0,1,0
privatisierungsagenda,0,0,0,0,1,0
privatsache,0,0,0,1,0,0
privileg,0,0,0,0,1,0
privilegierten,0,2,0,0,0,0
pro,0,1,0,0,0,0
problem,2,1,1,3,3,2
professionalität,0,0,0,1,0,0
professionell,0,1,0,0,0,0
professor,0,0,0,0,1,0
professorinnen,1,0,0,0,0,0
professur,0,0,1,0,0,0
profilieren,0,0,0,0,0,1
profitieren,0,0,0,0,1,0
programm,1,1,1,1,0,0
projekt,0,0,0,1,0,1
pron,0,0,0,0,0,1
proof,0,0,1,0,0,0
propaganda,0,0,0,0,0,1
proposal,0,0,1,0,0,0
propose,0,0,0,0,1,0
protect,0,0,1,0,0,0
proud,0,0,1,0,0,0
providing,0,0,1,0,0,0
prozent,0,0,1,2,1,0
prägen,0,0,0,0,0,1
präsent,0,0,0,0,0,1
prüfungsleistungen,0,0,1,0,0,0
prüfverfahren,1,0,0,0,0,0
ps,1,0,0,0,0,0
punkt,0,1,0,1,1,0
punktabzug,0,2,0,0,0,1
punkteabzug,0,0,0,0,0,1
pur,1,0,1,0,0,0
pädagogisch,1,0,0,0,0,0
pädophilie,0,0,0,0,0,1
quantenphysik,0,0,0,0,0,1
quasi,0,0,0,0,1,2
quellen,0,0,0,0,0,1
quote,0,0,1,0,0,1
quotenheim,0,0,0,0,0,1
quotierung,0,0,0,0,0,1
rad,0,0,0,1,0,0
rahmen,0,0,0,0,2,0
ran,0,0,0,0,0,1
rand,0,0,1,0,0,1
rasant,0,0,0,0,0,1
rassismus,0,0,0,0,1,2
rassismusforschung,0,0,0,0,1,0
rassisten,0,0,0,0,0,1
rassistisch,1,0,0,0,1,0
raten,0,0,2,0,0,0
rauchen,0,0,0,0,0,1
raum,0,0,0,1,0,0
raus,0,0,0,0,1,0
rausgestrichen,1,0,0,0,0,0
raushauen,0,0,0,0,1,0
reagieren,0,1,0,1,0,0
reaktion,0,0,0,1,0,0
reaktionär,0,0,0,0,2,0
real,0,0,1,0,0,0
reale,0,0,0,0,1,0
reality,0,0,1,0,0,0
really,0,0,1,0,0,0
realsatire,0,0,0,0,0,1
rechnen,0,0,0,0,0,1
recht,0,0,0,4,3,2
rechtlich,0,1,0,0,0,0
rechtlichen,0,0,0,1,0,0
rechtschreiberegeln,0,1,0,0,0,0
rechtschreibrat,0,0,1,0,0,0
rechtschreibregeln,0,0,0,0,0,1
rechtschreibung,0,1,2,1,0,0
rechtsextremismus,1,0,0,0,0,0
rechtspflege,0,0,0,0,0,1
rede,1,0,0,1,0,0
reden,1,0,0,2,3,2
redner,1,0,0,0,0,0
reflect,0,0,1,0,0,0
refugees,0,0,0,0,0,1
regel,0,0,0,0,0,1
regeln,0,0,1,0,1,0
regelwerk,0,0,0,1,0,2
regenbogen,0,0,1,0,0,0
regieren,0,0,0,0,1,1
regine,0,0,0,0,0,1
reichen,0,0,0,1,0,0
reihenfolge,0,0,0,0,0,1
reinalter,1,0,0,0,0,0
reine,0,0,0,1,0,0
reinform,0,0,0,0,1,0
reiten,1,0,0,0,0,0
reißerische,0,0,0,1,0,0
relax,0,0,0,1,0,0
relevant,0,1,0,0,0,0
reliable,0,0,1,0,0,0
religion,0,0,1,0,0,0
rennen,0,0,0,0,0,1
rentenpaygap,0,0,0,0,1,0
repräsentieren,0,0,0,0,0,1
republikaner,0,0,0,0,0,1
respekt,0,1,1,1,0,0
respektieren,1,0,1,0,0,0
respektlos,0,0,0,1,0,0
ressentiments,0,0,0,0,2,0
retten,0,0,0,0,1,0
rettet,0,0,0,0,0,1
rezension,0,1,0,0,0,0
richtig,0,0,0,0,1,0
riesig,0,0,0,0,0,1
rights,0,0,3,0,0,0
ringen,0,0,0,1,0,0
rollback,0,0,0,0,1,0
rollen,0,0,0,0,2,0
rosarotgrüner,0,0,0,1,0,0
rot,0,2,0,1,0,1
rotem,0,0,1,0,0,0
rtltriell,0,0,0,1,0,0
rubrik,0,0,1,0,0,0
ruck,0,0,0,0,0,1
rufen,0,0,0,0,1,0
ruhrgebiet,0,0,0,1,0,0
ruinieren,0,0,0,0,0,1
rules,0,0,1,0,0,0
rum,1,0,0,0,0,0
rundfunk,0,0,1,1,0,2
rundunfunk,0,0,0,0,0,1
runter,0,0,0,0,0,1
rücken,0,0,0,0,0,1
rückgrat,0,0,0,0,0,1
rückständig,0,0,0,0,0,1
rückwärtsgewand,0,0,0,0,0,1
saarbrücken,0,1,0,0,0,0
sache,1,1,1,1,0,0
sachgerecht,0,0,0,1,0,0
sachlich,1,0,0,0,0,0
sachsen,0,1,0,0,0,2
sachsenanhalt,0,0,0,0,0,1
sachsenanhaltwahl,0,0,0,0,0,1
sage,1,0,1,0,0,0
sagen,0,0,2,2,0,3
sahra,0,0,0,0,2,0
salary,0,0,1,0,0,0
samt,0,0,0,0,0,2
sargnagel,0,0,0,0,0,1
satire,1,0,0,0,0,0
saved,0,0,1,0,0,0
schaden,0,0,0,0,1,2
schadensersatz,1,0,0,0,0,0
schaffen,1,0,0,0,0,2
schalen,0,0,0,1,0,0
sche,0,0,0,1,0,0
scheinen,0,0,0,1,1,0
scheinheilig,0,0,1,0,0,0
scheint,0,1,0,1,0,0
scheinwissenschaften,0,0,0,0,0,1
scheitern,0,0,0,1,0,0
schen,0,0,0,1,0,0
scherzen,0,0,0,0,0,1
scheuen,1,0,0,0,0,0
schieben,0,0,0,0,1,0
schikane,0,0,0,0,0,1
schlagen,0,0,0,1,0,1
schland,0,0,1,0,0,0
schlecht,0,1,0,2,2,1
schließen,0,0,0,0,1,0
schließlich,0,0,0,0,0,1
schloss,0,0,0,0,0,1
schluckauf,0,0,0,2,0,0
schluss,0,0,0,0,0,4
schlussstrich,0,0,0,0,1,0
schnappatmung,1,0,0,0,0,0
schnitt,1,0,2,0,1,0
schnäpsin,0,0,0,1,0,0
schnöd,1,0,0,0,0,0
scholz,0,0,0,2,0,0
schon,0,0,0,0,0,1
schreckensherrschaft,0,0,0,0,0,1
schreiben,1,2,0,4,1,0
schreibung,0,0,0,0,0,2
schreibweise,0,0,1,0,0,0
schreien,0,0,0,0,1,0
schreiten,0,0,0,0,0,1
schrift,0,0,0,0,1,0
schriftsprache,0,0,0,0,0,1
schrupp,0,1,0,0,0,0
schrägstrich,0,0,0,1,0,0
schuh,0,0,0,0,0,1
schule,0,1,1,1,0,4
schulen,0,0,0,0,0,1
schutzweste,0,0,0,0,0,1
schuwalski,1,0,0,0,0,0
schwachsinn,0,0,0,0,0,2
schwachsinnspolitik,0,0,0,0,0,1
schwarz,0,1,1,1,0,1
schweigend,0,0,1,0,0,0
schweizer,0,0,0,0,0,1
schwer,2,1,1,1,0,0
schwere,0,0,1,0,0,0
schwerpunktsetzung,0,0,0,1,0,0
schwurbler,0,0,0,0,1,0
schwärmen,0,0,0,0,0,1
schädlich,0,0,0,1,0,0
schön,2,0,0,0,2,0
schöne,0,0,0,0,1,1
schönheit,0,0,0,1,0,1
schüler,0,0,0,0,0,2
schüleraustausch,0,0,0,0,0,1
schützen,1,0,0,0,0,0
seekers,0,0,1,0,0,0
seele,0,0,0,0,0,1
sehbehinderten,0,0,0,1,0,0
sehen,0,2,0,1,3,1
sehr,0,1,0,1,0,1
sein,1,1,1,2,1,1
seite,0,0,0,0,1,0
selber,0,0,0,1,0,0
selbst,0,0,0,0,1,1
selbstbestätigung,0,0,0,1,0,0
selbstgerechte,0,0,0,0,1,0
selbstscham,0,0,0,0,0,1
selbstverständnis,0,0,0,0,0,1
selten,1,0,1,2,1,0
senden,0,0,0,2,0,0
sender,0,0,0,0,0,1
sensibel,0,0,0,2,0,0
sensibilität,0,1,0,0,0,0
sensible,1,0,0,0,0,0
sensitiv,0,0,0,0,1,0
servicetweet,0,0,0,1,1,0
setzen,0,1,1,1,2,1
sexistisch,0,0,0,0,0,1
sexual,0,0,1,0,0,0
sexualität,0,0,0,0,0,1
sic,0,0,1,0,0,0
sich,2,2,0,2,1,2
sicher,0,0,0,1,0,0
sicherheitskräfte,0,0,0,0,0,1
sicherlich,1,0,0,0,0,0
siegen,0,0,0,0,0,1
siehts,0,0,0,1,0,0
siemens,0,0,0,0,0,1
simpel,0,0,1,0,0,0
sinnen,0,0,0,1,0,0
sinnlichkeit,0,0,0,1,0,0
smk,0,1,0,0,0,0
so,1,0,1,4,0,3
soap,0,0,0,0,0,1
social,0,0,2,0,0,0
soeder,0,0,0,0,1,0
soetwas,0,0,0,0,0,1
sofort,1,0,0,0,0,0
sogar,2,1,1,0,0,1
sogenannt,0,0,0,1,0,0
soja,0,0,0,0,0,1
solange,0,0,0,0,1,1
solch,1,0,0,0,0,2
soldat,0,0,0,1,0,0
solidarität,0,0,1,0,0,1
sollen,0,0,0,0,0,1
sooo,0,0,0,0,0,1
sorgearbeit,0,0,0,1,0,0
sorgen,0,0,0,0,0,1
sortieren,0,0,1,0,0,0
soso,0,0,0,0,0,1
sound,0,0,0,0,1,0
souverän,0,0,0,1,0,0
sozial,0,0,2,0,3,1
sozialdemokrat,0,0,0,1,0,0
soziale,0,0,0,1,0,0
sozialistische,0,0,0,0,0,2
sozialistischen,0,0,0,0,0,2
sozialkunde,0,0,0,0,0,1
spalten,2,0,0,0,0,1
spannen,1,0,0,0,0,0
spannend,0,0,0,0,2,0
spannender,0,0,0,1,0,0
spd,0,0,4,6,0,1
spektrum,0,0,0,0,0,1
spiegel,0,1,0,0,0,0
spiegeln,0,0,0,0,1,0
spiel,0,0,0,0,1,0
spinner,0,0,0,0,0,1
spinnerei,0,0,0,0,0,1
spion,0,0,0,0,0,1
spirituell,0,0,0,0,0,1
spitzen,0,0,0,0,0,2
spitzenabschluss,0,0,0,0,1,0
spontan,0,0,0,0,0,1
sportler,0,0,0,0,0,1
sprache,6,12,4,19,14,25
sprachforschung,0,0,0,0,1,0
sprachgebrauch,0,0,0,0,1,0
sprachgefühl,0,0,0,2,0,0
sprachlich,0,0,0,1,0,0
sprachpolizei,1,0,0,0,0,0
sprachpolizistin,0,0,0,1,0,0
sprachregelungen,0,0,0,0,0,1
sprachstandard,0,0,1,0,0,0
sprachverhunzung,0,0,0,1,0,1
sprachverständnis,0,1,0,0,0,0
sprachverstümmelung,0,0,0,4,0,0
sprachvorgaben,0,0,0,0,0,1
sprachwandel,0,1,0,0,0,0
sprachzerstörung,0,0,0,0,0,2
sprech,0,0,0,1,0,1
sprechen,5,2,2,4,1,2
springen,0,0,0,0,0,1
staat,1,2,0,1,0,1
staatl,0,0,0,1,0,0
staatliche,0,0,0,1,0,0
staats,0,0,0,0,0,1
staatsformen,0,0,0,0,0,1
staatsfunk,0,0,0,0,0,3
staatsrechtsprofessor,0,1,0,0,0,0
stadt,0,1,0,0,0,0
stadtentwicklung,1,0,0,0,0,0
stadtverwaltung,0,0,0,1,0,0
stammen,0,0,0,1,0,0
standard,0,0,0,0,0,1
star,1,0,0,0,0,0
stark,1,0,0,0,0,2
start,1,0,0,0,0,0
starts,0,0,1,0,0,0
statement,1,0,2,0,0,0
statt,0,1,1,1,1,0
stattdessen,0,0,0,0,1,0
stehen,3,1,0,1,0,5
steigende,0,0,0,0,1,0
stelle,1,1,0,1,0,2
stellen,0,0,0,0,2,0
stephan,0,0,0,0,0,2
sterben,1,0,0,0,0,0
stern,2,0,1,1,2,1
sternchen,1,0,1,1,0,1
sternchenhagel,0,1,0,0,0,0
steuer,0,0,0,0,0,1
steueraussenzahler,0,0,0,0,0,1
steuerentlastung,0,1,0,0,0,0
steuergeld,0,0,0,0,0,1
steuerinnenzahler,0,0,0,0,0,2
steuerzahler,0,0,0,0,0,1
steuerzahlerbezahlten,0,0,0,0,0,1
stillen,0,0,1,0,0,0
stimme,1,1,0,0,0,0
stimmen,0,1,0,0,0,3
stimmungsmache,0,0,1,0,0,0
stolz,0,0,0,0,0,1
stoppen,0,0,0,0,0,1
strafen,0,1,0,0,0,0
straflager,0,0,0,0,0,1
strategie,0,0,0,1,0,0
strategische,0,0,0,1,0,0
straße,0,0,1,0,0,0
strecke,0,0,0,1,0,0
streit,0,0,0,0,0,1
streiten,0,0,1,1,0,0
streitgespräch,0,1,0,0,0,0
strich,0,0,0,0,0,1
strong,0,0,1,0,0,0
strukturell,0,0,0,0,1,0
student,1,1,0,2,0,0
studie,1,0,0,1,1,2
studierverbot,0,0,0,0,0,1
studies,0,0,1,2,1,0
ständig,0,1,0,0,0,0
stück,0,0,0,0,2,0
substantiviertes,0,0,0,0,1,0
suchen,0,1,0,2,0,0
suggestion,0,0,0,0,1,0
suhl,0,0,0,0,0,1
sumpfen,0,0,0,0,0,2
susanne,2,0,0,0,0,1
symbolisieren,0,0,0,0,0,1
sympathisch,0,0,0,0,0,1
syrien,0,0,0,0,0,1
systematic,0,0,1,0,0,0
systematische,0,0,0,1,0,0
systemischen,0,0,0,0,0,1
systemwandels,0,0,0,0,1,0
söder,0,0,0,0,0,1
süßigkeitenregal,0,0,0,0,0,1
tag,1,0,0,0,1,0
tagen,1,1,1,1,1,1
tagesfreizeit,0,0,0,1,0,0
tagesschau,0,0,0,0,0,1
taliban,0,0,0,0,0,3
tanzen,0,0,0,0,0,1
tasse,1,0,0,0,0,0
tatsache,0,0,1,1,0,0
taz,0,0,0,0,0,2
tdov,0,0,0,0,1,0
tdov2021,0,0,0,0,1,0
team,1,0,0,0,0,0
tech,0,0,0,0,1,0
technik,0,0,0,0,1,0
technologieoffenheit,0,0,0,1,0,0
technology,1,0,0,0,0,0
teil,0,0,1,0,0,1
teilen,0,0,0,0,1,4
teilhabe,0,0,0,1,0,0
teilzeit,0,0,0,1,0,0
tempo,0,1,0,0,0,0
tendenziös,0,0,1,1,0,0
terror,0,0,0,0,0,1
teufel,0,0,0,0,0,2
teutonen,0,0,0,0,0,1
texten,1,0,0,0,0,0
thank,0,0,1,0,0,0
that,0,0,2,0,0,0
the,0,0,12,0,0,0
their,0,0,2,0,0,0
them,0,0,1,0,0,0
thema,4,1,1,3,3,2
theoretisch,0,0,1,0,0,0
these,0,0,0,0,1,0
thierse,0,0,0,0,1,0
think,0,0,1,0,0,0
this,0,0,2,0,0,0
thoma,0,1,0,0,0,0
those,0,0,0,0,1,0
thread,0,0,0,0,1,0
through,0,0,1,0,0,0
thueringen,0,0,0,0,0,1
tief,0,0,0,1,0,0
tja,1,0,0,0,0,1
tk,1,0,0,0,0,0
to,1,0,6,0,1,0
today,0,0,3,0,0,0
toleranz,0,0,0,1,0,0
toll,0,0,0,0,1,0
tollen,0,0,0,0,0,1
ton,1,0,0,0,1,0
tonne,0,0,0,0,0,1
tonspur,0,0,0,0,0,1
tools,0,0,1,0,0,0
total,0,0,0,0,2,0
totalitarismus,0,0,0,0,0,1
totalversagen,0,0,0,0,0,1
tradition,0,0,0,0,0,2
trans,0,0,0,0,3,3
transdayofvisibility,0,0,0,0,1,0
transfrauen,0,0,0,0,0,1
transparenz,1,1,0,0,0,0
traurig,0,0,0,0,0,1
treffen,0,0,0,1,2,0
trefflich,0,0,0,1,0,0
treiben,0,0,0,0,0,1
trend,0,0,0,0,0,1
trendet,0,0,0,0,1,0
trends,0,0,1,0,0,0
treu,0,0,0,0,0,1
triell,3,0,1,1,0,0
trippelschritten,0,0,0,0,1,0
troposphärenforschung,0,0,0,0,0,1
trotz,1,0,0,0,0,0
true,0,0,1,0,0,0
truly,0,0,1,0,0,0
tt_innen,0,0,0,0,0,1
tun,0,0,1,0,1,2
tv,0,0,0,1,0,0
tweet,0,0,0,1,0,0
twitter,1,1,0,3,0,0
twitterer,0,0,0,1,0,0
twitterinnen,0,0,0,1,0,0
tägliche,0,0,0,1,0,0
tür,0,0,0,0,1,0
türkisch,1,0,0,0,0,0
uckermark,0,0,0,1,0,0
uhr,2,2,0,0,0,1
uigurischen,0,0,0,1,0,0
ultra,0,0,0,0,1,0
um,2,1,0,0,1,0
umerziehen,0,0,0,0,0,1
umerziehung,0,0,0,0,0,2
umfrage,0,1,0,1,0,0
umfrageergebnis,0,0,0,1,0,0
umfrageergebnisse,0,0,0,0,0,1
umfragen,0,1,0,0,0,0
umgang,0,0,0,1,0,1
ums,1,0,0,0,1,0
umsetzen,0,0,0,1,0,1
umsonst,2,0,1,0,0,0
umstritten,0,0,0,0,0,1
umweg,0,0,0,0,0,1
umweltfreundlich,0,0,1,0,0,0
unabhängig,0,0,0,2,0,1
unangenehm,0,0,0,0,0,1
unbeliebt,0,0,0,0,0,1
unbereinigte,0,0,0,2,0,0
unbezahlt,0,0,0,1,0,0
und,6,2,3,4,4,4
unemployment,0,0,1,0,0,0
unfassbarer,0,0,0,0,0,1
unfreiheit,0,0,0,0,0,1
unfug,0,0,0,0,0,1
unfähig,0,0,0,0,0,1
ungeboren,0,0,0,0,0,1
ungerecht,0,0,1,0,0,0
ungerechtigkeit,1,0,0,0,0,0
unglaublich,0,0,0,0,0,1
ungleich,0,0,0,0,1,0
ungleichheit,0,0,0,0,1,0
unglücklich,0,0,0,1,0,0
uni,0,2,0,1,0,0
union,0,1,2,0,0,1
universität,0,1,1,1,0,0
unklug,0,1,0,0,0,0
unnatürlich,0,0,0,1,0,0
unnötig,0,0,0,0,0,1
unrealistisch,0,0,0,0,0,1
unsichtbare,1,0,0,0,0,0
unsinn,0,0,0,1,0,4
unsinnig,0,0,0,0,0,1
unten,1,0,0,0,0,1
untergang,0,0,0,0,0,1
unterhaltsam,1,0,0,0,0,0
unterhaltungswert,0,1,0,0,0,0
unternehmen,1,1,0,0,0,0
unterschied,0,0,0,0,0,1
unterschiedl,0,0,0,1,0,0
unterschiedlich,0,0,0,0,1,1
unterstriche,0,1,0,0,0,0
unterstützen,0,0,0,3,0,0
unterstützung,0,0,1,0,0,0
untersuchungshaft,0,0,0,0,1,0
unterwerfen,0,0,0,0,0,1
unterwürfigkeit,0,0,0,0,0,1
untragbar,0,0,1,0,0,0
unvertretbar,0,1,0,0,0,0
unverändert,0,0,0,1,0,0
unwissenschaftlich,0,0,0,0,0,1
unüblich,0,0,0,1,0,0
urban,0,1,0,0,0,0
ureinwohner,0,0,0,0,0,1
ursache,0,0,0,0,0,1
ursprung,0,0,0,0,1,0
usa,0,0,0,0,0,1
va,1,0,0,0,0,0
vater,0,0,0,0,0,2
vdma,0,0,0,0,0,1
vehement,0,0,0,1,0,0
verabschieden,0,0,0,1,0,0
verankern,0,0,0,1,0,0
veranschaulichen,1,0,0,0,0,0
veranstaltung,0,1,0,0,0,3
verantworten,0,0,0,0,0,1
verantwortliche,0,0,0,2,0,1
verantwortung,0,0,0,0,0,1
verb,0,0,0,0,1,0
verbands,1,0,0,0,0,0
verbandsklagerecht,2,0,0,0,0,0
verbieten,2,0,0,0,4,2
verbindl,1,0,0,0,0,0
verbindlich,1,0,0,0,1,1
verblödung,0,0,0,0,0,1
verbot,1,2,0,1,0,0
verbotsantrag,0,0,0,0,0,1
verbotskeule,0,0,0,0,1,0
verbotskultur,0,0,0,0,1,0
verbotsorgien,0,0,0,0,0,1
verbotspartei,1,0,1,0,0,0
verbotsparteicdu,1,0,0,0,0,0
verbotspolitik,1,0,0,0,0,0
verbreitung,0,0,0,0,1,0
verbrennungsmotor,0,0,0,0,0,1
verdecken,0,1,0,0,0,0
verdienen,1,1,1,0,2,0
verdienstunterschied,0,1,0,0,0,0
verdooft,0,0,0,0,0,1
verdächtig,0,0,0,0,0,1
verdächtigen,0,0,0,0,0,1
vereinen,0,0,1,0,1,0
vereinigen,1,0,0,0,0,0
vereinnahmen,0,0,1,0,0,0
vereinnahmung,0,0,0,1,0,0
vergleichen,0,0,1,1,0,0
vergütung,0,0,0,1,0,0
verhaltenskodex,1,0,0,0,0,0
verharmloser,0,0,0,0,1,0
verharmlosung,0,0,0,0,0,1
verhunzen,0,1,0,1,0,1
verhunzung,0,0,0,0,0,1
verhältnismäßigkeit,0,0,0,1,0,0
verkehren,0,0,0,1,0,0
verkommen,0,0,0,0,0,1
verkraften,0,0,1,0,0,0
verkrampfen,0,1,0,0,0,0
verlangen,1,0,0,0,0,0
verlieren,0,0,0,0,1,0
verlust,0,0,0,1,0,0
vermieter,0,1,0,0,0,0
vermitteln,0,1,0,0,0,0
vermuten,0,0,0,1,0,0
vermögen,0,0,0,0,1,0
vernebeln,1,0,0,0,0,0
vernichtung,0,0,0,0,0,1
vernünftig,0,0,1,1,0,1
verpassen,0,1,0,0,0,0
verpflichten,0,0,0,0,0,1
verpflichtend,0,0,0,2,0,0
verraten,0,0,0,1,0,0
versagen,0,0,0,0,1,1
verschlagen,0,0,0,0,0,1
verschweigen,0,0,0,0,0,1
verschwenden,0,0,0,0,0,1
versorgen,0,0,0,0,1,0
versorgungspöstchen,0,0,1,0,0,0
versprechen,0,1,0,0,0,0
versprecher,0,0,1,0,0,0
verstecken,0,0,0,0,0,1
verstehen,0,2,0,0,1,0
verstellen,0,0,0,0,0,1
verständigung,1,0,0,0,0,0
verständlich,2,4,0,2,0,1
verständnis,1,0,0,0,0,0
verständnisprobleme,0,1,0,0,0,0
versuchen,0,1,0,3,2,1
verteidigen,0,0,1,0,1,1
verteilen,1,0,0,0,0,0
verteilung,0,0,0,0,1,0
verteufelung,0,0,0,0,0,1
vertrauen,0,0,0,1,0,0
vertreten,0,0,0,1,0,0
vertrocknen,0,0,0,0,0,1
verunstalten,0,0,0,1,0,1
verurteilen,1,0,0,0,0,0
verwaltung,0,0,0,0,0,1
verwehren,0,1,0,0,0,0
verweigern,0,0,0,0,1,0
verweise,1,0,0,0,0,0
verwenden,1,0,1,1,0,0
verwendung,0,1,0,0,0,0
very,0,0,1,0,0,0
verzichtbar,0,0,0,0,0,1
verzichten,0,0,0,0,0,1
verändern,1,0,0,3,1,0
verändert,0,0,0,0,0,1
veränderung,1,0,0,0,1,0
veröffentlichen,0,1,0,0,0,0
via,1,1,0,3,1,13
vibrant,0,0,1,0,0,0
video,0,0,0,0,0,1
viel,0,0,1,0,0,0
vielfalt,1,0,2,0,0,0
vielleicht,1,0,1,2,0,0
vier,0,0,0,0,0,1
violence,0,0,2,0,0,0
visibility,0,0,0,0,1,0
voetsek,0,0,0,0,1,0
voices,0,0,1,0,0,0
volk,0,0,0,0,0,3
volkspartei,0,0,0,1,0,0
voll,0,0,0,0,1,0
volle,0,0,0,1,0,0
vollmundig,0,0,0,0,1,0
vollzugendern,0,0,1,0,0,0
vom,1,0,0,0,0,0
von,1,0,0,0,0,0
vong,0,0,0,0,1,0
vor,0,0,0,1,0,0
voran,0,0,0,0,0,1
voraussichtlich,0,0,0,0,0,1
vorbei,0,0,1,2,0,0
vorführen,0,0,0,0,0,1
vorgehen,0,1,0,0,0,0
vorhaben,0,0,1,0,0,0
vorliegen,1,0,0,0,0,0
vormarsch,0,0,0,0,0,1
vormerken,0,0,0,0,0,1
vormittag,0,0,0,0,0,1
vorne,0,0,1,0,0,0
vorrangig,0,1,0,0,0,0
vorschlag,1,0,1,0,0,1
vorschreiben,0,0,2,1,0,0
vorstehen,0,0,1,0,0,0
vorteil,0,0,0,0,0,1
vorwerfen,1,0,0,1,0,0
vorwurf,0,0,1,0,0,0
völlig,1,1,1,2,0,4
wachstum,0,0,0,1,0,0
wagenknecht,1,0,0,0,1,0
wages,0,0,1,0,0,0
wahl,0,0,1,0,0,0
wahlkampf,0,0,0,1,0,0
wahlkreis,0,0,1,0,0,0
wahlplakate,0,0,0,0,0,1
wahlrechtsreform,1,0,0,0,0,0
wahnvorstellungen,0,0,0,0,0,1
wahrscheinlich,0,0,0,0,1,0
wanzt,0,0,0,0,0,1
warum,0,0,0,0,0,1
was,1,1,3,0,0,6
washington,0,0,0,0,0,1
wasistdalos,0,0,1,0,0,0
wasserstoff,0,1,0,0,0,0
we,0,0,3,0,0,0
website,0,0,1,0,0,0
weg,1,1,1,1,0,2
weggemobbt,0,0,1,0,0,0
wegkürzen,0,0,0,0,1,0
weh,0,0,0,0,0,1
wehren,1,0,0,0,0,0
wehrfähigkeit,0,0,0,0,0,1
weiblich,0,0,0,1,1,0
weibliche,0,0,0,1,1,0
weihen,0,0,0,0,0,1
weil,0,1,0,0,0,2
weise,0,1,0,0,0,2
weissen,0,0,0,0,1,0
weit,0,0,2,0,0,1
weiterentwickeln,0,0,0,0,1,0
weitergehen,1,0,0,0,0,0
weiterhin,0,0,0,0,1,0
weiß,0,0,1,1,0,1
weißt,0,0,0,0,1,0
welch,1,0,0,0,2,1
welcome,0,0,0,0,0,1
welt,1,0,1,0,0,4
weltfrauentag,1,0,1,0,2,0
weltfrauentag2021,0,0,1,0,0,0
wenden,1,0,0,1,0,0
wenig,0,0,0,0,0,1
wenigstens,0,0,0,0,0,1
wenn,2,0,2,2,4,1
wer,3,3,2,5,4,10
werken,0,1,0,0,0,0
werten,0,0,0,0,0,2
wertschätzung,0,1,0,0,0,0
wertvoll,0,0,0,1,0,0
wesentlich,0,0,0,1,0,0
westen,0,0,0,1,0,1
wg,1,0,0,0,0,0
what,0,0,1,0,0,0
who,0,0,1,0,0,0
wichtig,1,3,0,2,2,3
widerlich,0,0,0,0,0,2
widersprechen,0,0,0,3,1,0
widerstand,0,0,0,0,0,1
wie,2,1,1,2,0,5
wieder,0,0,0,0,0,2
wiederholen,0,0,1,0,0,0
wieso,1,0,0,2,0,1
wikigap,0,0,0,0,1,0
wikipedia,0,0,0,0,3,0
willen,1,0,0,0,0,0
willigen,0,0,0,0,0,1
willkommenskultur,0,0,0,0,0,1
wir,0,0,0,0,1,0
wird,0,0,1,0,0,0
wirholendasdirektmandat,0,0,0,0,0,5
wirken,2,0,0,0,0,2
wirklich,0,0,1,0,1,0
wirklichkeit,0,2,0,0,0,0
wirksam,0,0,0,0,1,0
wirkung,0,0,0,0,0,1
wirstehenzusammen,0,0,0,0,0,1
wirtschaft,0,0,0,0,1,0
wirtschaftspolitik,0,1,0,0,0,0
wirweichennicht,0,0,0,0,0,1
wissen,0,1,1,0,1,1
wissenschaft,0,1,0,0,2,1
wissenschaftlich,0,0,0,1,0,0
wissenschaftliche,1,0,0,0,0,0
wissenschaftsfeindlichkeit,0,0,0,0,1,0
with,0,0,2,0,1,0
wittern,0,0,0,0,0,1
witzig,0,0,1,0,0,0
wk194,0,0,0,0,0,4
wo,1,0,0,0,0,1
woche,0,0,1,1,0,0
wohl,0,0,0,1,0,0
wohlstand,0,0,0,1,0,1
wohnen,0,0,0,2,0,0
wolfgang,0,0,0,0,1,0
wollen,0,0,0,1,0,1
women,0,0,2,0,0,0
womeninscienceday,0,0,0,0,1,0
womensday,0,0,2,0,0,0
womensrights,0,0,1,0,0,0
womensrightsarehumanrights,0,0,1,0,0,0
womöglich,0,1,0,0,0,0
won,0,0,1,0,0,0
worauf,0,0,1,1,0,0
words,0,0,1,0,0,0
work,0,0,1,0,0,0
workers,0,0,1,0,0,0
workshop,0,0,0,0,1,0
world,0,0,2,0,0,0
wort,0,1,1,2,2,1
wovon,0,0,0,0,1,0
wtf,0,0,0,0,1,0
wund,0,0,0,1,1,2
wundern,0,0,0,1,0,0
wurde,0,0,1,0,0,0
wusste,0,0,0,1,0,0
wählen,0,1,0,0,0,6
wähler,2,1,0,2,1,0
wählerinnen,0,1,0,0,0,0
wählern,0,0,0,1,0,0
während,0,1,0,0,0,1
wünsche,0,0,0,0,1,1
wünschen,1,0,0,0,0,0
würgegriff,0,0,0,0,0,1
you,0,0,1,0,0,0
your,0,0,1,0,0,0
zahl,0,0,1,0,0,0
zahlen,0,0,0,2,0,0
zaki,0,0,0,0,1,0
zb,1,0,0,0,1,1
zdf,0,0,0,0,0,2
zeichen,0,0,0,1,0,0
zeigen,1,0,2,2,1,1
zeit,3,0,1,1,1,3
zeitgeist,0,0,0,0,0,1
zeitgemäß,0,0,0,0,1,0
zeitgenossen,0,1,0,0,0,0
zeitung,0,0,0,0,0,1
zementieren,0,0,0,0,2,0
zensur,0,0,0,0,0,1
zentrale,1,0,0,0,0,0
zentralkomitee,0,0,0,0,0,1
zergehen,0,0,0,0,1,0
zerlegen,0,0,0,0,0,1
zerodiscriminationday,0,0,0,0,1,0
zerstören,0,0,0,0,0,1
zerstörung,0,0,0,0,0,2
zertifizierte,1,0,0,0,0,0
zeugen,0,0,0,0,0,1
ziehen,1,0,0,0,0,0
zielen,0,1,0,0,1,1
zinssätze,1,0,0,0,0,0
zitat,0,0,0,1,0,0
zitieren,0,0,0,2,0,0
zu,0,0,0,0,0,1
zudem,0,0,0,0,1,0
zuerst,0,0,1,0,0,0
zug,0,0,0,0,0,1
zugang,1,0,0,0,0,0
zuhörer,0,0,0,0,0,1
zukunft,0,0,1,0,0,1
zukünftig,0,0,0,0,0,1
zulassen,0,0,0,0,0,1
zum,1,0,0,2,0,0
zunehmend,0,0,0,0,0,1
zunge,0,0,0,0,2,0
zur,1,0,0,0,0,0
zurechtbiegen,0,1,0,0,0,0
zurücksetzen,0,0,0,0,1,0
zusamm,1,0,0,0,0,0
zuschauer,0,0,0,1,0,1
zustand,0,0,0,0,2,0
zustimmen,0,0,0,1,0,0
zustimmung,0,0,0,1,0,0
zutiefst,0,0,0,1,0,0
zuviel,1,0,0,0,0,0
zwang,1,1,0,4,1,1
zwangssterilisation,0,0,0,1,0,0
zweifeln,0,0,1,0,0,0
zwingen,0,0,1,0,1,3
zwischen,0,0,0,0,0,2
ähnliches,0,0,0,0,0,1
ändern,2,0,0,0,1,0
ära,0,1,0,0,0,0
ärtztinnen,1,0,0,0,0,0
äußern,0,0,0,2,0,0
öff,0,0,0,1,0,0
öffentlich,0,0,0,1,0,2
öffentlichen,0,0,1,0,0,0
öffentlichrechtliche,0,0,0,0,0,1
öko,0,0,0,0,0,1
ökologischen,0,0,0,0,1,0
ör,0,0,0,0,0,2
örr,0,0,0,6,0,0
österreichisch,0,0,0,0,0,1
üben,0,0,0,2,0,0
über,1,0,0,1,0,1
überall,0,0,0,1,0,0
überbrücken,0,0,1,0,0,0
überdurchschnittlich,0,0,0,1,0,0
überflüssig,1,0,1,0,1,0
überfällig,0,1,0,0,0,0
überhöhung,0,0,0,0,0,1
überlassen,1,1,0,0,0,0
übernehmen,0,0,1,0,0,1
überprüfung,1,0,0,0,0,0
überraschen,0,0,0,1,0,0
übers,0,0,0,1,0,1
überschrift,0,0,0,1,0,0
übertreiben,0,0,1,0,0,0
übertreibung,0,0,1,0,0,0
übertrieben,0,0,0,1,0,0
überwiegen,0,0,0,2,1,0
überwiegend,0,0,0,1,0,0
überwinden,0,0,0,0,1,0
überzeugen,0,0,0,1,0,0
überzogen,0,0,0,0,0,1
üblich,0,0,0,1,0,0
übrig,0,0,0,0,0,2
übrigens,1,0,0,0,0,0
