hashtag,GRUENE,LINKE,CDUCSU,SPD,AFD,FDP
#08märz,0,1,0,0,0,0
#2021bundestagswahlen,0,0,0,0,1,0
#20juli,0,0,0,0,1,0
#219a,0,1,0,0,0,0
#219amussweg,1,0,0,0,0,0
#30jahreeinheit,0,1,0,0,0,0
#4genderstudies,5,3,0,0,0,0
#5g,0,0,0,0,1,0
#8maerz,1,0,0,0,0,0
#8märz,0,2,0,0,0,0
#aas,0,0,0,0,1,0
#abstraktebilder,0,0,0,0,1,0
#absurdistan,0,0,1,0,0,0
#abwrackprämie,0,0,0,1,0,0
#adabsurdum,0,0,0,0,1,0
#afd,3,1,0,1,72,0
#afdbpt21,0,0,0,0,1,0
#afdimbundestag,0,0,0,0,11,0
#afdwirkt,0,0,0,0,12,0
#afdwählen,0,0,0,0,3,0
#afghanistan,0,0,0,0,1,0
#akk,0,0,0,0,2,0
#allesistdrin,1,0,0,0,0,0
#allgemeinverbindlichkeit,1,0,0,0,0,0
#altenburgerland,0,0,0,0,4,0
#altersarmut,0,3,0,0,0,0
#alterweissermann,0,0,0,0,1,0
#alterweißermann,1,0,0,0,0,0
#altparteien,0,0,0,0,1,0
#amen,0,0,0,0,4,0
#amenandawoman,0,0,0,0,4,0
#aminext,0,1,0,0,0,0
#amtseid,0,0,0,0,1,0
#amtskirchen,0,0,0,0,1,0
#anglizismus,1,0,1,0,0,0
#anglizismus2018,2,0,0,0,0,0
#anihrentatensollenwirsiemessen,1,0,0,0,0,0
#annewill,2,0,1,0,3,0
#anstandleben,0,0,0,1,0,0
#antidiskriminierung,0,0,0,0,1,0
#antifa,0,0,0,0,4,0
#antirassisten,0,0,0,0,1,0
#antisexismus,0,0,0,0,1,0
#arbeit,0,1,0,0,0,0
#arbeitnehmer,0,0,0,0,1,0
#arbeitsplätze,0,0,0,0,1,0
#artenverlust,1,0,0,0,0,0
#asselborn,0,0,0,0,1,0
#asta,0,0,0,0,1,0
#asyl,0,0,0,0,1,0
#audi,0,0,0,0,1,0
#aufaugenhöhe,0,1,0,0,0,0
#aus,0,0,0,0,1,0
#ausmeinerpost,0,0,0,1,0,0
#automobilindustrie,0,0,0,0,1,0
#außen,0,0,0,0,1,0
#babos,0,0,0,1,0,0
#baer,0,0,0,0,1,0
#baerbock,1,0,0,0,7,1
#baerbockin,0,0,0,0,1,0
#baerbocklügt,0,0,0,0,1,0
#baerbocks,0,0,1,0,0,0
#bafög,2,0,0,0,0,0
#barley,0,0,1,0,0,0
#barnim,0,0,1,0,0,0
#bartträgerinnen,0,0,0,0,1,0
#basis,0,0,0,1,0,0
#bauen,1,0,0,0,0,0
#bawü,1,0,0,0,0,0
#bayern,0,1,0,1,2,0
#bayertrend,0,0,0,0,1,0
#bcgender18,1,0,0,0,0,0
#bedfordstrohm,0,0,0,0,1,0
#befangenheit,0,0,0,0,1,0
#belarus,0,0,0,1,0,0
#beratergate,0,0,0,0,1,0
#berlin,0,0,0,0,11,1
#berlinale,0,1,0,0,1,0
#bernhard,0,0,0,0,2,0
#beschäftigungsmaßnahmen,0,0,0,0,1,0
#bessermenschen,0,0,0,0,1,0
#betd2019,1,0,0,0,0,0
#betriebe,0,0,0,1,0,0
#bgh,0,0,0,0,1,0
#bild,0,1,0,0,0,0
#bildung,0,1,1,0,0,1
#bildungsgerechtigkeit,0,1,0,0,0,0
#bildungsverlierer,0,0,0,0,1,0
#binneni,1,0,0,0,0,0
#blacklivesmatter,0,0,0,0,1,0
#blm,0,0,0,0,1,0
#bmfsfj,0,0,1,0,0,0
#bmw,0,0,0,0,1,0
#bonn,1,0,0,0,0,1
#bpt18,0,0,0,0,0,1
#br,0,0,0,1,0,0
#brandenburg,0,0,0,0,1,0
#brandner,0,0,0,0,8,0
#brandnerfragt,0,0,0,0,1,0
#breakthesilence,0,0,0,1,0,0
#breg,0,2,0,0,0,0
#breitband,0,0,0,0,1,0
#bremen,0,1,0,0,0,0
#brexit,0,0,0,0,1,0
#brussels,0,0,0,2,0,0
#brühl,0,0,0,1,0,0
#btadavaeo,0,1,0,0,0,0
#btw2021,0,0,0,1,0,0
#btw21,1,0,0,0,1,0
#bulgarien,0,0,0,1,0,0
#bullshi,0,0,0,0,1,0
#bullshit,0,0,0,0,1,0
#bundeshaushalt,0,0,0,1,0,0
#bundeshaushalts,0,1,0,0,0,0
#bundespolizei,0,0,0,0,1,0
#bundesregierung,2,1,0,0,2,0
#bundestag,4,8,0,1,19,0
#bundestagswahl2021,0,0,0,0,1,0
#bundesverfassungsgericht,0,1,0,0,1,0
#bundeswehr,0,0,2,0,8,0
#bunt,0,0,0,0,1,0
#bunteswehr,0,0,0,0,1,0
#buntewelt,0,0,0,0,1,0
#burkhardt,0,0,0,0,1,0
#bverfg,0,0,0,0,2,0
#bürger,0,0,0,0,1,0
#bürgerfern,0,0,1,0,0,0
#bürgerfonds,1,0,0,0,0,0
#bürgerversicherung,1,0,0,0,0,0
#bürokratie,0,0,0,0,0,1
#calltoaction,0,1,0,0,0,0
#cancelculture,0,3,0,0,0,0
#capetown,0,1,0,0,0,0
#carriegracie,1,0,0,0,0,0
#cartoon,0,0,0,0,1,0
#cda,0,0,1,0,0,0
#cdu,3,3,2,0,7,0
#cdugoesafd,0,0,0,1,0,0
#cdugoesmerz,1,0,0,0,0,0
#cdurausausderregierung,0,3,0,0,0,0
#ceu,1,0,0,0,0,0
#chancengleichheit,0,1,1,0,0,0
#clauskleber,0,0,1,0,0,0
#climate,0,0,0,3,0,0
#climatejustice,4,0,0,0,0,0
#congress,0,0,0,0,3,0
#connewitz,1,0,0,0,0,0
#cop13,1,0,0,0,0,0
#copyright,0,0,0,1,0,0
#corona,1,3,1,0,5,1
#coronagipfel,0,1,0,0,0,0
#coronakrise,0,0,0,0,1,0
#coronavirusdeutschland,0,1,0,0,0,0
#couragezeigen,0,0,0,1,0,0
#covid19,0,1,0,1,1,0
#covid2019de,0,1,0,0,1,0
#crowdfunding,1,0,0,0,0,0
#csu,0,0,0,0,4,1
#culturalappropiation,0,0,0,0,1,0
#cumexfiles,1,0,0,0,0,0
#dankespd,0,0,0,0,1,0
#dayofthegirl,0,0,0,0,0,1
#debatte,0,0,0,1,0,0
#deepfakes,1,0,0,0,0,0
#democracy,1,0,0,1,0,0
#democrat,0,0,0,0,1,0
#democrats,0,0,0,0,1,0
#demokratie,1,1,0,1,2,0
#denktdochmalnach,0,0,0,0,1,0
#deutsche,0,0,0,1,0,0
#deutschesprache,0,0,2,1,1,0
#deutschland,0,1,1,0,7,0
#deutschlandabernormal,0,0,0,0,6,0
#deutschlandfunk,0,0,1,0,1,0
#dfb,0,0,0,0,1,0
#diegruenen,0,0,0,0,0,1
#diehälftedermacht,1,0,0,0,0,0
#dielinke,0,0,0,0,1,0
#diemannschaft,0,0,0,0,1,0
#diesel,0,0,0,0,1,0
#dieseltechnologie,0,0,0,0,1,0
#diewelle,0,0,0,0,1,0
#digitalebildung,1,0,0,0,0,0
#digitalemündigkeit,0,1,0,0,0,0
#digitales,0,0,0,1,0,0
#digitaleschule,0,0,0,0,1,0
#digitalisierung,3,1,0,1,1,0
#digitalpakt,0,0,0,0,1,0
#digitaltour,1,0,0,0,0,0
#diktatur,0,0,0,0,1,0
#discrimination,2,0,0,0,0,0
#diskriminiert,0,0,0,0,1,0
#diskriminierung,1,0,0,0,1,0
#diskrminierung,0,0,0,0,1,0
#diverse,0,0,0,0,1,0
#diversity,0,1,1,1,0,0
#diversityday,0,0,0,1,0,0
#diversitytag,1,0,0,0,0,0
#dlf,0,0,0,0,1,0
#dortmund,0,0,1,0,0,0
#dragkid,0,0,0,0,1,0
#drittesgeschlecht,0,0,0,0,1,0
#drop33,0,0,0,1,0,0
#duden,1,0,3,0,3,0
#duisburg,0,0,0,1,0,0
#düsseldorf,1,0,0,0,0,0
#econtwitter,3,0,0,0,0,0
#ehegattenspltting,1,0,0,0,0,0
#eindiverspackung,0,0,0,0,1,0
#einkommensdiskriminierung,1,0,0,0,0,0
#einmannpackung,0,0,0,0,1,0
#einwanderer,0,0,0,0,1,0
#einwanderung,0,0,0,0,3,0
#eisenberg,0,0,0,0,2,0
#ekd,0,0,0,0,2,0
#ekhn,0,0,0,0,1,0
#election2020results,0,0,0,0,1,0
#eltern,0,0,0,0,1,0
#emanuelcleaver,0,0,0,0,1,0
#emanzipation,0,1,0,0,0,0
#emek,0,1,0,0,0,0
#emissions,1,0,0,0,0,0
#endegelaende,0,1,0,0,0,0
#endsexualharassment,0,0,0,1,0,0
#energie,0,0,0,0,1,0
#energiewende,1,0,0,0,1,0
#energytransition,1,0,0,0,0,0
#entgeltgleichheit,0,1,1,0,0,0
#entgelttransparenzgesetz,2,2,0,0,0,0
#entmannt,1,0,0,0,0,0
#epa,0,0,0,0,1,0
#epd2020,0,1,0,0,0,0
#epplenary,1,0,0,0,0,0
#eqaulpayday,0,0,0,1,0,0
#equality,0,1,0,1,0,0
#equalpay,5,6,0,0,0,0
#equalpayday,9,6,5,7,1,1
#equalpayday2019,0,0,2,0,0,0
#equalpayforequalwork,0,1,0,0,0,0
#erfurt,0,0,0,0,1,0
#erholungsprämie,0,0,0,1,0,0
#esken,0,0,0,0,1,0
#esport,1,0,0,0,0,0
#esports,1,0,0,0,0,0
#eu,3,0,0,4,6,0
#eu2020de,0,0,0,3,0,0
#eu4women,0,0,0,1,0,0
#euco,0,0,0,1,0,0
#europa,0,0,0,4,0,0
#europaistdieantwort,0,0,0,3,0,0
#europarat,0,0,0,1,0,0
#europawahl,0,0,0,0,1,0
#europawahl2019,0,0,0,0,1,0
#europe,0,0,0,3,0,0
#eusocialsummit21,0,0,0,1,0,0
#evangelisch,0,0,0,0,2,0
#evangelische,0,0,0,0,1,0
#extinctionrebellion,0,1,0,0,0,0
#eşitlik,0,1,0,0,0,0
#fahrspurende,0,1,0,0,0,0
#fahrverbote,0,0,0,0,1,0
#fahrverbotskrampf,0,0,0,0,2,0
#fakenews,0,0,0,0,1,0
#familie,0,1,0,0,5,0
#familien,0,1,0,0,3,0
#familiennachzug,0,0,1,0,0,0
#faz,0,0,1,0,3,0
#fckafd,0,1,0,0,0,0
#fdp,0,0,0,0,2,0
#felixgermania,0,0,0,0,1,0
#femalefutureforce,0,0,0,0,0,1
#femininum,0,0,0,0,1,0
#feminism,0,0,0,1,0,0
#feminismus,2,8,0,1,3,0
#feminist,1,1,0,0,0,0
#feministen,0,0,0,0,2,0
#fes,0,0,0,1,0,0
#feuerwehr,0,0,0,0,4,0
#fff,0,0,0,0,1,0
#finanzpolitik,0,1,0,0,0,0
#fleischhauer,1,0,0,0,0,0
#fleischverbot,0,0,0,0,1,0
#flutkatastrophe,0,0,0,0,1,0
#flüchtlinge,0,0,0,0,1,0
#flüchtlingskosten,0,0,0,0,1,0
#forschung,3,0,0,0,1,0
#forschungsobjekt,1,0,0,0,0,0
#framing,0,0,0,0,2,0
#frankreich,0,1,0,0,1,0
#frauen,8,2,0,2,2,2
#frauenarbeitistmehrwert,0,1,0,0,0,0
#frauenfeindlich,0,1,0,0,0,0
#frauenfussball,1,0,0,0,0,0
#frauengesundheitsbericht,0,1,0,0,0,0
#frauenkampftag,1,3,0,0,0,0
#frauenmärz,1,0,0,0,0,0
#frauenquote,0,0,0,2,4,0
#frauenrechte,0,2,0,0,0,0
#frauensindmehrwert,1,0,0,0,0,0
#frauenstreik,0,1,0,0,0,0
#frauentag,5,1,1,2,0,0
#frauentag2021,0,1,0,0,0,0
#frauenverdienenmehr,1,0,0,0,0,0
#frauenwahlrecht,0,1,0,0,0,0
#frauenwm,1,0,0,0,0,0
#frauinnen,0,0,0,0,1,0
#fraupräsident,0,0,0,0,1,0
#freiewissenschaft,0,0,0,0,0,1
#freiheit,0,0,0,0,2,0
#fridaysforfuture,0,1,0,0,0,0
#frieden,1,0,0,0,0,0
#fritz,0,0,0,0,1,0
#frühsexualisierung,0,0,0,0,4,0
#führung,1,0,0,0,0,0
#fürdeutschland,1,0,0,0,0,0
#gaga,0,0,1,0,1,0
#ganzundgarnicht,0,0,0,0,1,0
#garantierente,1,0,0,0,0,0
#gefährder,0,0,1,0,0,0
#gegendemo,0,0,0,0,1,0
#gehalt,0,0,0,1,0,0
#geldindiehand,0,0,0,1,0,0
#geldverschwendung,0,0,1,0,0,0
#gemeinnuetzigkeit,0,0,1,0,0,0
#gendegaga,0,0,0,0,1,0
#gender,23,12,6,11,78,2
#gender_und_klima_gaga,0,0,0,0,1,0
#genderal,0,0,0,0,1,0
#genderaward2018,1,1,0,0,0,0
#genderaward2019,0,0,0,1,0,0
#genderbalance,0,1,0,0,0,0
#genderbasedviolence,0,1,0,0,0,0
#genderbeauftragte,1,0,0,0,0,0
#genderbekloppten,0,0,0,0,1,0
#genderblödsinn,0,0,1,0,0,0
#genderbudgeting,3,2,0,4,0,0
#gendercaregap,0,0,1,0,0,0
#genderdingsbums,0,0,0,0,1,0
#genderdiversenquote,0,0,0,0,1,0
#genderdiversity,0,0,0,0,1,0
#genderdoppelpunkt,0,0,1,0,1,0
#gendereconimics,1,0,0,0,0,0
#gendereconomics,2,0,0,0,0,0
#genderequality,4,2,0,7,0,1
#genderequity,0,3,0,0,1,0
#genderfanatiker,0,0,0,0,1,0
#genderfluid,0,0,0,0,2,0
#genderforscher,0,0,0,0,1,0
#genderforschung,5,0,0,0,4,1
#gendergaga,2,4,9,4,82,1
#gendergagas,0,0,0,0,1,0
#gendergags,0,0,0,0,1,0
#gendergap,4,2,0,1,0,0
#gendergedöns,0,0,0,0,1,0
#gendergerecht,0,0,0,1,1,0
#gendergerechte,0,0,0,0,1,0
#gendergerechtigkeit,1,2,0,0,1,0
#genderideologie,0,0,0,0,1,0
#genderinequality,1,0,0,0,0,0
#genderirrsinn,0,0,1,0,0,0
#genderism,0,0,0,0,1,0
#genderjustice,1,0,0,0,0,0
#genderkacke,0,1,0,0,0,0
#genderklo,0,0,0,0,2,0
#genderkunstsprache,0,0,1,0,0,0
#genderleadershipgap,1,0,0,0,0,0
#gendermainstreaming,0,0,0,1,1,0
#gendermarketing,0,6,0,0,0,0
#gendermedizin,0,1,0,0,0,0
#gendern,16,5,19,4,9,4
#genderneutral,0,0,0,0,2,0
#genderneutrale,0,0,0,0,1,0
#genderneutrallaws,1,0,0,0,0,0
#gendernneindanke,0,0,1,0,1,0
#genderoscargap,0,1,0,0,0,0
#genderpaygap,34,31,7,16,5,5
#genderpensiongap,2,0,0,0,0,0
#genderpricing,0,0,1,0,0,0
#genderquark,0,0,0,0,2,0
#genderquatsch,0,0,0,0,5,0
#genderreveal,0,0,0,0,1,0
#gendersinn,0,1,0,0,0,0
#genderspinner,0,0,0,0,1,0
#gendersprache,2,0,7,0,4,0
#gendersprech,0,0,1,0,0,0
#genderstar,3,0,0,0,0,0
#genderstern,1,0,5,0,0,0
#gendersternchen,4,2,6,0,7,1
#gendersternchentanten,1,0,0,0,0,0
#gendersternneindanke,0,0,1,0,0,0
#genderstotter,0,0,0,0,1,0
#genderstudies,6,6,0,0,2,1
#genderswap,0,0,0,0,1,0
#genderswapmalanders,0,1,0,0,0,0
#gendertotalitäre,0,0,0,0,1,0
#gendertrouble,0,2,0,0,0,0
#genderunfug,0,1,0,0,2,0
#genderverbot,1,5,0,0,0,0
#genderwahn,2,2,4,0,16,2
#genderwahnsinn,0,1,1,0,1,0
#genderzwang,0,0,1,0,0,0
#genderökonomie,1,0,0,0,0,0
#generaldebatte,0,0,0,0,1,0
#generischesmaskulinum,1,0,0,0,1,0
#gera,0,0,0,0,6,0
#geradejetzt,0,0,0,2,0,0
#gerechtesprache,1,0,0,0,0,0
#gerechtigkeit,1,0,0,1,0,0
#gersrb,0,0,0,0,1,0
#geschlecht,0,1,0,0,0,1
#geschlechtergerecht,0,0,0,0,1,0
#geschlechtergerechtigkeit,2,2,0,6,0,0
#geschlechtergerechtigtkeit,1,0,0,0,0,0
#geschlechtsidentitäten,0,0,0,0,1,0
#geschwätzwissenschaften,0,0,0,0,1,0
#gesellschaft,0,0,0,0,1,0
#gesetze,0,0,1,0,0,0
#gesundheitsrisikor2g,0,0,1,0,0,0
#gewaltdelikt,1,0,0,0,0,0
#gewaltenteilung,0,0,0,0,1,0
#gewerkschaften,0,0,0,0,1,0
#gez,0,0,0,0,5,0
#gezabschaffen,0,0,0,0,2,0
#gfds,0,0,1,0,0,0
#gfsa,0,0,0,0,1,0
#giffey,1,1,0,0,1,0
#girlswelcome,0,0,0,0,1,0
#gleichberechtigung,0,2,0,1,0,1
#gleicherlohn,0,0,0,1,0,0
#gleicherlohnfürgleichearbeit,0,0,2,0,0,0
#gleichstelling,0,0,0,1,0,0
#gleichstellung,1,4,0,2,1,0
#gleichstellungspolitik,1,0,0,0,0,0
#gleichstellungsstelle,0,0,1,0,0,0
#goldenerzaunpfahl,0,7,0,0,0,0
#gomringer,0,0,0,0,1,0
#google,1,0,0,0,0,0
#gott,0,0,1,0,2,0
#greendigitaldeal,1,0,0,0,0,0
#greennewdeal,1,0,0,0,0,0
#greiz,0,0,0,0,4,0
#grenzschließungen,0,0,0,0,1,0
#groko,0,1,0,0,4,0
#großbritannien,0,0,0,0,1,0
#großkonzerne,0,0,0,0,1,0
#gruene,0,0,0,0,4,0
#grueneverhindern,0,0,0,1,1,0
#grundgesetz,0,0,0,0,1,0
#grundgesetzänderung,0,0,0,0,0,1
#grundrente,0,0,0,0,1,0
#grundrentefueralle,0,0,0,0,1,0
#grölemeyers,0,0,0,0,1,0
#grün,0,0,0,0,2,0
#grüne,1,0,2,1,3,1
#grünen,1,0,5,1,4,0
#grünesbundestagswahlprogramm,0,0,0,0,1,0
#grüninnen,0,0,0,0,5,0
#gutefragenschlechteantworten,0,0,0,0,1,0
#gutmenschen,0,0,0,0,1,0
#göre,0,0,0,0,1,0
#günstlingswirtschaft,0,0,0,0,1,0
#habeck,0,0,0,0,1,0
#hamburg,0,0,0,0,1,0
#hamburghasstgesunde,0,0,0,0,1,0
#handel,0,1,0,0,0,0
#hannover,2,0,2,0,1,0
#harbarth,0,0,0,0,1,0
#hasbro,0,0,0,0,1,0
#haseloff,0,1,0,0,0,0
#hass,1,0,0,0,0,0
#hauptmann,0,0,0,0,1,0
#haushalt,0,0,0,0,1,0
#haushalt2021,0,0,0,0,1,0
#haushaltsausschuss,1,0,0,0,0,0
#haushaltsdebatte,0,0,0,0,2,0
#heforshe,0,0,0,1,0,0
#heimatderweltverbesserer,0,0,0,1,0,0
#herzensprojekt,1,0,0,0,0,0
#hetze,0,0,0,0,1,0
#hochschule,1,1,0,0,0,0
#hochschulen,0,1,0,0,0,0
#homburg,0,0,0,0,1,0
#homeoffice,1,0,0,1,0,0
#hoschule,0,1,0,0,0,0
#hpbaxxter,0,1,0,0,0,0
#humanity,0,0,0,0,0,1
#humanright,0,0,0,0,0,1
#humanrights,0,0,0,2,0,0
#hungary,1,0,0,0,0,0
#hurrawirverblöden,0,0,0,0,1,0
#hyperhyper,0,1,0,0,0,0
#hälftedermacht,1,0,0,0,0,0
#höchst,0,0,0,0,1,0
#idahobit,0,0,0,1,0,0
#idahobit2021,0,0,0,1,0,0
#ideologie,0,0,0,0,2,0
#idz,0,0,0,0,1,0
#igf2018,0,1,0,0,0,0
#ilmenau,0,0,0,0,1,0
#imgleichschrittmarsch,0,0,0,0,1,0
#indymedia,0,0,0,0,1,0
#inequality,1,0,0,0,0,0
#influencerin,0,0,0,0,1,0
#innen,0,0,0,0,3,0
#integrieren,0,0,0,0,1,0
#interessen,0,0,0,0,1,0
#internationalenfrauentag,0,0,0,1,0,0
#internationalwomensday,0,0,0,3,0,0
#intersexuell,0,1,0,0,0,0
#inworknopoverty,1,0,0,0,0,0
#irak,0,0,0,0,1,0
#irelandreferendum,1,0,0,0,0,0
#irfsummit2021,0,0,0,0,1,0
#irland,1,0,0,0,0,0
#irre,0,0,0,0,1,0
#irrergehtnichtmehr,0,0,0,0,1,0
#islam,0,0,0,0,1,0
#islamisierung,0,0,0,0,2,0
#islamismus,0,0,0,0,1,0
#island,0,2,0,0,0,0
#istanbulkonvention,0,0,0,1,0,0
#italien,1,0,0,0,0,0
#iwd,0,0,0,1,0,0
#iwd2018,0,0,0,1,0,1
#iwd2021,0,0,0,1,0,0
#iwf,0,0,0,0,2,0
#jahrderdemokratie,0,1,0,0,0,0
#jamaissanselles,0,0,0,2,0,0
#jarasch,0,0,0,0,1,0
#jesus,0,0,1,0,1,0
#jfvonheute,0,0,0,0,1,0
#ju,0,0,0,1,0,0
#jugend,0,0,0,0,1,0
#julis,0,0,0,0,1,0
#jusos,0,0,1,0,0,0
#justizministerin,0,0,1,0,0,0
#justizministerium,0,0,0,0,1,0
#justno,0,1,0,0,0,0
#justsaying,1,0,0,0,0,0
#kabulaiport,0,0,0,0,1,0
#kadın,0,1,0,0,0,0
#kampmannroth,0,0,0,2,0,0
#kandelistüberall,0,0,0,0,1,0
#kannweg,0,0,0,0,2,0
#kanzler,0,0,0,0,1,0
#kanzlerkandidatin,0,0,0,1,0,0
#kapitalismus,1,0,0,0,0,0
#karliczeknix,1,0,0,0,0,0
#karneval,0,0,0,0,2,0
#karriere,1,0,0,0,0,0
#kassel,0,0,0,0,0,1
#katholisch,0,0,1,0,1,0
#kebekus,1,0,0,0,0,0
#keingenderzwang,0,0,4,0,0,0
#keingradweiter,1,2,0,0,0,0
#ki,1,0,0,0,0,0
#kind,0,0,0,0,2,0
#kinder,0,0,0,0,2,0
#kinderarmut,1,0,0,0,0,0
#kinderinnen,0,0,0,0,2,0
#kindern,0,0,0,0,1,0
#kirche,0,0,0,0,3,0
#kita,0,1,0,0,0,0
#kitabroschüre,0,0,0,0,1,0
#klartext,0,0,0,1,0,0
#kleinermannwasnun,0,0,0,0,1,0
#klima,2,0,0,0,1,0
#klimafanatiker,0,0,0,0,1,0
#klimagerechtigkeit,1,4,0,0,0,0
#klimahysterie,0,0,0,0,1,0
#klimakrise,3,1,0,0,0,0
#klimakrisen,0,0,0,0,1,0
#klimanazis,0,0,0,0,1,0
#klimareligion,0,0,0,0,1,0
#klimaschutz,0,2,0,2,0,0
#klimasekte,0,0,0,0,1,0
#klimastreik,0,1,0,0,0,0
#klimaunsinn,0,0,0,0,1,0
#klimawahn,0,0,0,0,1,0
#klimawandel,0,0,0,0,3,0
#koalitionsvertrag,0,0,0,0,1,0
#koblenz,0,0,0,0,1,0
#konjunkturpaket,1,1,0,0,1,0
#konservativwarmal,0,0,0,0,1,0
#krampfgegenrechts,0,0,0,0,1,0
#krawallnacht,0,0,0,0,1,0
#kretschmann,0,0,0,2,0,0
#kriminalität,0,0,0,0,1,0
#ksk,0,0,0,0,2,0
#kultur,0,1,0,0,0,0
#kulturkampf,1,0,0,1,1,0
#kurtkrömer,1,0,0,0,0,0
#köln,0,0,0,0,1,0
#kühnert,0,1,0,0,0,0
#lagarde,0,0,0,0,1,0
#lambrecht,1,0,0,0,1,0
#langstreckenluisa,0,0,0,0,1,0
#le3112,1,0,0,0,0,0
#lego,0,0,0,0,2,0
#lehre,1,0,0,0,0,0
#lenin,0,0,0,0,1,0
#lesbos,0,0,0,0,1,0
#leugner,0,0,0,0,1,0
#lgbt,1,0,0,0,0,0
#lgbti,0,0,0,1,1,0
#liberalefrauen,0,0,0,0,0,1
#lieberknecht,0,0,0,0,1,0
#lieberknechtin,0,0,0,0,1,0
#lieferkettengesetz,0,1,0,0,0,0
#lindemann,0,1,0,0,0,0
#lindner,1,0,0,0,0,0
#linke,0,6,1,0,3,0
#linkebpt,0,1,0,0,0,0
#linkerfeminismus,0,2,0,0,0,0
#linkermurks,0,0,0,0,1,0
#links,0,0,0,0,3,0
#linksextremismus,0,0,0,0,1,0
#linksfraktion,0,2,0,0,0,0
#linksrotgrünerquatsch,0,0,0,0,1,0
#loblied,0,0,0,0,1,0
#lockdown,0,0,0,0,3,0
#lockdownverlaengerung,0,1,0,0,0,0
#lohnarmut,0,1,0,0,0,0
#lohngerechtigkeit,0,1,0,0,0,0
#lohnlücke,0,0,2,0,0,0
#lohnungerechtigkeit,0,0,0,1,0,0
#london,0,1,0,0,0,0
#loveislove,1,0,0,0,0,0
#lsbti,1,0,0,0,0,0
#lsbtti,1,0,0,0,0,0
#ltmv,0,0,0,0,1,0
#ltwbayern,0,0,0,0,2,0
#ltwby,0,0,0,0,2,0
#ltwby18,0,0,0,0,2,0
#ltwlsa,0,0,0,0,1,0
#ltwsa,0,1,0,0,0,0
#ltwsa21,0,0,0,0,1,0
#lufthansa,0,0,0,0,1,0
#ländlicherraum,0,0,0,0,1,0
#löschdebatte,0,0,0,0,1,0
#lübeck,0,0,1,0,1,0
#managerinnenbarometer2019,0,0,0,1,0,0
#mann,0,0,0,0,1,0
#mansplaining,0,0,0,0,1,0
#margot,1,0,0,0,0,0
#marxist,0,0,0,0,1,0
#maskulinum,0,0,0,0,1,0
#massenmigration,0,0,0,0,1,0
#mdmmus,1,0,0,0,0,0
#mdr,0,0,0,0,1,0
#medien,0,0,0,0,2,0
#medizin,0,0,0,0,1,0
#meineredezumdrittengeschlecht,0,0,0,0,1,0
#meinungsfreiheit,0,0,0,0,4,0
#menschenrechte,0,1,0,0,0,0
#menschheit,0,0,0,0,1,0
#menschrechte,1,0,0,0,0,0
#mequeer,1,0,0,0,0,0
#merkel,0,0,0,0,4,0
#merz,2,2,0,0,0,0
#metoo,0,0,0,0,1,0
#metwo,0,0,0,1,0,0
#mff,0,0,0,1,0,0
#microeconomics,1,0,0,0,0,0
#migration,0,0,0,1,2,0
#migrationspolitik,0,1,0,0,0,0
#mikroökonomie,4,0,0,0,0,0
#mindestlohn,1,0,0,0,0,0
#mini,0,0,0,0,1,0
#minister,0,1,0,0,0,0
#mint,0,0,0,0,1,1
#mintoffensive,0,0,0,0,0,1
#mitglieder,0,0,0,0,1,0
#mobbing,0,0,0,1,1,0
#mobilität,0,0,0,1,0,0
#monopoly,0,0,0,0,1,0
#motor,0,0,0,0,1,0
#msc19,0,0,0,0,0,1
#msc2019,0,0,0,0,0,1
#msm,0,0,0,0,1,0
#mukwege,0,0,0,1,0,0
#multikulti,0,0,0,0,1,0
#murad,0,0,0,1,0,0
#mussmanwissen,0,1,0,0,0,1
#mutter,0,0,0,0,2,0
#muttersprache,0,0,2,0,1,0
#mv,0,0,0,0,1,0
#myanmar,0,0,0,0,1,0
#mädchen,0,1,0,0,1,1
#männer,0,0,0,0,2,0
#nachhaltig,0,1,0,0,0,0
#nageldesign,0,0,0,0,1,0
#nahles,0,0,0,0,1,1
#nairobi,0,0,0,1,0,0
#narrenschiff,0,0,0,0,1,0
#nationalhymen,0,0,0,0,1,0
#nationalhymne,0,0,0,0,1,0
#nationalsozialismus,0,0,0,0,0,1
#naturwissenschaft,0,0,0,0,1,0
#naturwissenschaften,0,0,0,0,1,0
#nazijäger,0,0,0,0,1,0
#nba,1,0,0,0,0,0
#neokolonialismus,1,0,0,0,0,0
#netzdg,0,0,0,0,1,0
#neubauer,0,0,0,0,2,0
#neuevolkspartei,0,0,0,0,1,0
#neusprech,0,0,0,0,1,0
#neustart,0,0,1,0,0,0
#neutralitätsgebots,0,0,0,0,1,0
#nichtmehrmitgemeint,1,0,0,0,0,0
#niedergang,0,0,1,0,0,0
#niemehrcducsu,0,1,0,0,0,0
#niewiedercdu,0,0,0,0,1,0
#noafd,1,10,0,0,0,1
#nogez,0,0,0,0,1,0
#nonazis,0,1,0,0,0,0
#normal,0,0,0,1,1,0
#nowomennopeace,0,0,0,1,0,0
#nuhr,0,0,0,1,0,0
#nurdieafd,0,0,0,0,3,0
#nurnochafd,0,0,0,0,6,0
#nägelmitkoeppen,0,0,1,0,0,0
#nützlicheridiot,0,0,0,0,1,0
#oberbürgermeisterin,0,0,0,0,1,0
#ohne,0,0,0,0,1,0
#olafscholz,0,1,0,0,0,0
#oldstports,1,0,0,0,0,0
#openborderfaschos,0,0,0,0,1,0
#orban,5,1,0,0,0,0
#original,0,0,0,0,1,0
#oscars2019,0,1,0,0,0,0
#paritaetsgesetz,0,0,0,0,1,0
#parité,1,0,0,1,1,0
#paytransparency,0,0,0,1,0,0
#petition,0,0,0,0,1,0
#petitionsausschuss,0,0,1,0,0,0
#pflege,0,2,0,0,0,0
#pflegenotstand,0,1,0,0,0,0
#pflegestärken,2,0,0,0,0,0
#pharmaziestattgenderstudies,0,0,0,0,1,0
#pirat,0,0,0,0,1,0
#piraten,0,0,0,0,2,0
#piratinnen,0,0,0,0,1,0
#plenarprotokoll,0,0,0,0,1,0
#poland,1,0,0,0,0,0
#polishstonewall,1,0,0,0,0,0
#politicalcorrectness,0,0,0,0,1,0
#politics,0,0,0,1,0,0
#politik,0,2,0,2,2,0
#polizei,0,0,0,0,1,0
#polizeipraesident,0,0,0,0,1,0
#polizeipräsident,0,0,0,0,1,0
#pontius,0,0,0,0,1,0
#poverty,1,0,0,0,0,0
#prade,0,0,0,0,1,0
#prayer,0,0,0,0,1,0
#pressforprogress,0,0,0,0,0,1
#priorität,0,0,0,0,1,0
#privatisierung,0,1,0,0,0,0
#probleme,0,0,0,0,1,0
#proehrenamt,0,0,1,0,0,0
#professor,0,0,0,0,1,0
#proquote,0,2,0,0,0,0
#pseudogerchtigkeitswahn,0,0,1,0,0,0
#qualitätsmedien,0,0,0,0,1,0
#queer,0,0,0,0,1,0
#quote,0,0,0,2,0,0
#quotierung,0,0,0,0,1,0
#radeberg,0,0,0,0,1,0
#radio,0,0,0,0,1,0
#rassismus,0,1,0,0,1,0
#raubbau,1,0,0,0,0,0
#rbbfritz,0,0,1,0,0,0
#rbg,1,0,0,0,0,0
#realsatire,0,0,0,0,1,0
#rechtschreibrat,0,0,0,1,0,0
#rechtschreibung,0,0,1,0,0,0
#rechtsstaat,1,0,0,0,0,0
#rednerpult,1,0,0,0,0,0
#regenbogen,0,0,0,1,0,0
#regenbogenportal,0,0,0,0,1,0
#regierung,0,0,1,0,0,0
#regierungen,0,0,0,0,1,0
#rehau,0,0,0,0,1,0
#rememberingnene,0,3,0,0,0,0
#rente,1,1,0,1,2,0
#rentenkommission,0,0,0,1,0,0
#rentenniveau,1,0,0,1,0,0
#rentenpaygap,0,1,0,0,0,0
#renter,0,0,0,0,1,0
#rentner,0,0,0,0,1,0
#respekt,0,0,1,0,0,1
#rip,1,0,0,0,1,0
#riseupforchange,0,1,0,0,0,0
#rlp,0,0,0,0,1,0
#rtltriell,0,0,1,0,0,0
#ruck,0,0,0,0,1,0
#ruleoflaw,0,0,0,3,0,0
#rumänien,1,0,0,0,0,0
#rundunfunk,0,0,0,0,1,0
#sachengibts,1,0,0,0,0,0
#sachsen,0,0,0,0,0,1
#sachsenanhalt,0,0,0,0,1,0
#sachsenanhaltwahl,0,0,0,0,1,0
#sanktionen,0,0,0,1,0,0
#schalke04,0,0,0,1,0,0
#scholz,0,0,1,0,0,0
#schulden,0,0,0,0,1,0
#schulen,1,0,0,0,2,0
#schutzraum,0,1,0,0,0,0
#schutzsuchende,0,0,0,0,1,0
#schwarzgrün,0,0,0,0,1,0
#schweden,0,0,0,0,1,0
#schwein,0,0,0,0,1,0
#schwesig,0,0,0,0,1,0
#schöpfer,0,0,0,0,1,0
#sdg,0,0,0,1,0,0
#security,0,0,0,0,0,1
#seehofer,1,2,0,0,1,0
#servicetweet,1,1,1,0,0,0
#settele,0,0,0,0,1,0
#sexismus,1,0,0,0,1,0
#sexuellevielfalt,0,0,0,0,1,0
#shisha,0,0,0,0,1,0
#siemens,0,0,0,0,1,0
#simoneveilwouldbehappy,1,0,0,0,0,0
#singer,0,0,0,0,1,0
#skandalgedicht,0,0,0,0,1,0
#smk,0,0,0,0,0,1
#soeder,0,1,0,0,0,0
#soforthilfe,0,0,0,0,1,0
#soldat,0,0,0,0,1,0
#solidarität,0,0,0,1,1,0
#southafrica,0,2,0,0,0,0
#sowas,0,0,1,0,0,0
#sozialstaat,0,0,0,0,1,0
#sozialwissenschaften,0,0,0,0,1,0
#spd,0,1,4,2,11,1
#spinner,0,0,0,0,1,0
#sprache,1,0,0,1,0,0
#sprachebewahren,0,0,1,0,0,0
#sprachleitfaden,0,0,0,0,1,0
#sprachnachrichten,0,0,0,0,2,0
#sprachpolizei,1,0,2,0,0,0
#sprachverhunzung,0,0,1,0,0,0
#srilanka,0,0,0,0,1,0
#staatsfunk,0,0,0,0,7,0
#stadtentwicklung,1,0,0,0,0,0
#startups,1,0,0,0,0,0
#stern,0,0,0,1,0,0
#steueraussenzahler,0,0,0,0,1,0
#steuergeld,0,0,0,0,1,0
#steuergeldverschwendung,0,0,0,0,1,0
#steuerinnenzahler,0,0,0,0,3,0
#steuerpolitik,1,0,0,0,0,0
#stiftungen,0,0,0,0,1,0
#studierende,0,0,0,0,1,0
#stuttgart,0,0,1,0,1,0
#suntum,0,0,0,0,1,0
#susanna,0,0,0,0,1,0
#sweden,0,0,0,2,0,0
#syrien,0,0,0,0,1,0
#systemwechsel,0,1,0,0,0,0
#söder,0,0,0,0,2,0
#sömmerda,0,0,0,0,1,0
#tagesschau,0,0,0,0,1,0
#taggesschau,0,0,0,0,1,0
#talkshow,0,0,0,0,1,0
#tampontax,1,0,0,0,0,0
#tariftreue,1,0,0,0,0,0
#taz,0,0,0,0,1,0
#tde2020,0,1,0,0,0,0
#tdor2019,0,1,0,0,0,0
#tdov,0,1,0,0,0,0
#tdov2021,0,1,0,0,0,0
#teilhabe,0,0,1,0,0,0
#thierse,0,1,0,0,0,0
#thueringen,0,0,0,0,1,0
#tonne,0,0,0,0,1,0
#tradition,0,0,0,0,1,0
#trans,0,0,0,0,1,0
#transdayofvisibility,0,1,0,0,0,0
#transgender,0,0,0,0,1,0
#transparenz,0,0,0,0,0,1
#transsexuelle,0,0,0,0,1,0
#triell,3,0,1,1,0,0
#trudeau,0,0,0,0,1,0
#trump,0,0,0,0,1,0
#twitter,0,0,1,0,0,0
#uckermark,0,0,1,0,0,0
#uct,0,1,0,0,0,0
#ulistein,0,0,0,0,1,0
#umgarn,0,0,0,0,1,0
#umverteilung,0,1,0,0,0,0
#un,1,0,0,0,0,0
#ungarn,5,0,0,0,0,1
#ungleichheit,0,0,0,1,0,0
#union,0,0,0,1,0,0
#unisextoilette,1,0,0,0,0,0
#unisyndrom,1,0,0,0,0,0
#universitäten,1,0,0,0,0,0
#unmigrationspakt,0,0,0,0,1,0
#unmiss,1,0,0,0,0,0
#unsc,0,0,0,1,0,0
#unsr1325,1,0,0,0,0,0
#unterdurchschnittlich,1,0,0,0,0,0
#unwomen,0,0,0,1,0,0
#uploadfilter,0,0,0,0,1,0
#usa,1,0,0,0,1,0
#vae,0,1,0,0,0,0
#vater,0,0,0,0,2,0
#vds,0,0,0,0,3,0
#vegan,0,0,0,0,1,0
#verachtung,0,0,0,0,1,0
#verantwortung,1,0,0,0,0,0
#verarmung,0,0,1,0,0,0
#verbandsklagerecht,0,1,0,0,0,0
#verbotsorgien,0,0,0,0,1,0
#verbotspartei,1,0,0,0,0,0
#verbotsparteicdu,1,0,0,0,0,0
#verbotspolitik,1,0,0,0,0,0
#vereine,0,0,1,0,0,0
#verfassungswidrig,0,0,0,0,1,0
#vergewaltigt,2,0,0,0,0,0
#vergewaltigungen,0,0,0,0,1,0
#versprecher,0,0,0,1,0,0
#verteufelung,0,0,0,0,1,0
#verwahrlosung,0,0,1,0,0,0
#vielfalt,1,0,0,1,0,0
#vielzutun,0,0,0,0,1,0
#volkes,0,0,0,0,1,0
#volkspartei,0,0,1,0,0,0
#volksverdummug,0,0,0,0,1,0
#volksverhetzung,0,1,0,0,0,0
#volkswirtschaft,0,0,0,0,1,0
#vonderleyen,0,0,0,0,3,0
#vorsitzende,0,0,1,0,0,0
#vox,0,0,0,0,1,0
#völligirre,0,0,0,0,1,0
#wagenknecht,1,0,0,0,0,0
#wahlkreis,0,0,0,1,0,0
#washington,0,0,0,0,1,0
#wasistdalos,0,0,0,1,0,0
#wasserstoff,0,0,0,0,0,1
#wefafrica19,0,1,0,0,0,0
#wegmit219a,0,0,0,1,0,0
#weiblichesfeingefühl,0,0,0,0,1,0
#weiblichesprache,1,0,0,0,0,0
#weihnachtsperson,0,0,0,0,0,1
#weimar,0,0,0,0,1,0
#weltfrauentag,4,3,0,2,2,1
#weltfrauentag2019,1,0,0,0,0,0
#weltfrauentag2021,0,0,0,1,0,0
#wertsachearbeit,0,0,1,0,0,0
#wertschätzung,0,0,0,0,0,1
#widerstand,0,0,0,0,1,0
#wikigap,0,1,0,0,0,0
#wikipedia,0,2,0,0,0,0
#wirholendasdirektmandat,0,0,0,0,5,0
#wirsindbereit,0,1,0,0,0,0
#wirstehenzusammen,0,0,0,0,1,0
#wirweichennicht,0,0,0,0,1,0
#wissenschaft,4,1,0,0,2,0
#wissenschaftler,0,0,0,0,1,0
#wissenschaftsfeindlichkeit,0,1,0,0,0,0
#wissenschaftsfreiheit,4,1,0,0,1,0
#wissenschaftsrat,1,0,0,0,0,0
#witzepolizei,0,0,1,0,0,0
#wk194,0,0,0,0,4,0
#wohlstands,0,0,0,0,1,0
#wohnungsnot,0,0,0,0,1,0
#womanboards,0,0,0,1,0,0
#womenclimatejustice,1,0,0,0,0,0
#womeninfootball,0,1,0,0,0,0
#womeninscienceday,0,1,0,0,0,0
#womenpeacesecurity,0,0,0,1,0,0
#womenrights,1,0,0,0,0,0
#womensday,0,0,0,2,0,0
#womensrights,0,0,0,2,0,0
#womensrightsarehumanrights,0,0,0,1,0,0
#wps2020,0,0,0,1,0,0
#wpsin2020,0,0,0,1,0,0
#wutbürger,0,1,0,0,0,0
#zdf,0,0,0,0,1,0
#zeitgeist,0,0,0,0,1,0
#zerodiscriminationday,0,1,0,0,0,0
#zukunft,0,0,0,1,0,0
#zukunftssicherung,0,0,0,0,1,0
#zusammenhalten,0,0,0,1,0,0
#öde,0,0,1,0,0,0
#öffentlichrechtlich,0,0,0,0,1,0
#örr,0,0,3,0,0,0
#österreich,1,0,0,0,0,0
#übermannt,1,0,0,0,0,0
